limitname,max_value,remaining_value,eventdate
DailyBulkApiBatches,15000,6690,2021-06-19 02:14:12
DailyBulkApiBatches,15000,6663,2021-06-19 03:14:13
DailyBulkApiBatches,15000,6690,2021-06-19 04:13:49
DailyBulkApiBatches,15000,6691,2021-06-19 05:14:11
DailyBulkApiBatches,15000,6691,2021-06-19 06:13:53
DailyBulkApiBatches,15000,6690,2021-06-19 07:13:41
DailyBulkApiBatches,15000,6696,2021-06-19 08:14:30
DailyBulkApiBatches,15000,6694,2021-06-19 09:14:04
DailyBulkApiBatches,15000,6683,2021-06-19 10:11:49
DailyBulkApiBatches,15000,6667,2021-06-19 11:13:15
DailyBulkApiBatches,15000,6688,2021-06-19 12:14:11
DailyBulkApiBatches,15000,6666,2021-06-19 13:13:34
DailyBulkApiBatches,15000,6664,2021-06-19 14:13:27
DailyBulkApiBatches,15000,6771,2021-06-19 15:13:53
DailyBulkApiBatches,15000,6868,2021-06-19 16:13:45
DailyBulkApiBatches,15000,6967,2021-06-19 17:13:27
DailyBulkApiBatches,15000,7091,2021-06-19 18:13:38
DailyBulkApiBatches,15000,7327,2021-06-19 20:13:24
DailyBulkApiBatches,15000,7479,2021-06-19 21:13:38
DailyBulkApiBatches,15000,7570,2021-06-19 22:15:03
DailyBulkApiBatches,15000,7692,2021-06-19 23:13:22
DailyBulkApiBatches,15000,7754,2021-06-20 00:11:36
DailyBulkApiBatches,15000,7730,2021-06-20 01:14:35
DailyBulkApiBatches,15000,7731,2021-06-20 02:13:34
DailyBulkApiBatches,15000,7731,2021-06-20 03:13:51
DailyBulkApiBatches,15000,7732,2021-06-20 04:13:59
DailyBulkApiBatches,15000,7732,2021-06-20 05:14:18
DailyBulkApiBatches,15000,7732,2021-06-20 06:13:45
DailyBulkApiBatches,15000,7743,2021-06-20 07:12:33
DailyBulkApiBatches,15000,7733,2021-06-20 08:14:16
DailyBulkApiBatches,15000,7730,2021-06-20 09:14:25
DailyBulkApiBatches,15000,7731,2021-06-20 10:13:36
DailyBulkApiBatches,15000,7740,2021-06-20 11:12:53
DailyBulkApiBatches,15000,7732,2021-06-20 12:13:47
DailyBulkApiBatches,15000,6865,2021-06-20 13:00:10
DailyBulkApiBatches,15000,6625,2021-06-20 14:00:10
DailyBulkApiBatches,15000,6745,2021-06-20 15:00:10
DailyBulkApiBatches,15000,6145,2021-06-20 16:00:10
DailyBulkApiBatches,15000,5905,2021-06-20 17:00:10
DailyBulkApiBatches,15000,5667,2021-06-20 18:00:09
DailyBulkApiBatches,15000,5475,2021-06-20 19:00:10
DailyBulkApiBatches,15000,5355,2021-06-20 20:00:10
DailyBulkApiBatches,15000,5235,2021-06-20 21:00:10
DailyBulkApiBatches,15000,5115,2021-06-20 22:00:10
DailyBulkApiBatches,15000,4760,2021-06-21 02:43:48
DailyBulkApiBatches,15000,5431,2021-06-22 06:14:05
DailyBulkApiBatches,15000,5271,2021-06-22 07:14:55
DailyBulkApiBatches,15000,5249,2021-06-22 09:14:00
DailyBulkApiBatches,15000,5240,2021-06-22 11:14:54
DailyBulkApiBatches,15000,5244,2021-06-22 13:13:58
DailyBulkApiBatches,15000,5245,2021-06-22 15:14:47
DailyBulkApiBatches,15000,5251,2021-06-22 17:13:51
DailyBulkApiBatches,15000,5252,2021-06-22 19:14:09
DailyBulkApiBatches,15000,5243,2021-06-22 21:14:13
DailyBulkApiBatches,15000,5244,2021-06-22 23:14:35
DailyBulkApiBatches,15000,5262,2021-06-23 01:12:07
DailyBulkApiBatches,15000,5279,2021-06-23 02:14:04
DailyBulkApiBatches,15000,5330,2021-06-23 03:16:57
DailyBulkApiBatches,15000,5315,2021-06-23 04:14:40
DailyBulkApiBatches,15000,5283,2021-06-23 05:13:27
DailyBulkApiBatches,15000,5566,2021-06-23 07:14:15
DailyBulkApiBatches,15000,5823,2021-06-23 11:13:53
DailyBulkApiBatches,15000,5936,2021-06-23 13:14:07
DailyBulkApiBatches,15000,6067,2021-06-23 15:13:36
DailyBulkApiBatches,15000,6178,2021-06-23 17:13:27
DailyBulkApiBatches,15000,6300,2021-06-23 19:14:20
DailyBulkApiBatches,15000,6428,2021-06-23 21:13:09
DailyBulkApiBatches,15000,6557,2021-06-23 23:11:47
DailyBulkApiBatches,15000,6594,2021-06-24 00:16:27
DailyBulkApiBatches,15000,6640,2021-06-24 02:14:18
DailyBulkApiBatches,15000,6760,2021-06-24 03:13:52
DailyBulkApiBatches,15000,6914,2021-06-24 04:12:12
DailyBulkApiBatches,15000,7143,2021-06-24 06:14:32
DailyBulkApiBatches,15000,7263,2021-06-24 07:15:14
DailyBulkApiBatches,15000,7383,2021-06-24 08:13:37
DailyBulkApiBatches,15000,7504,2021-06-24 09:14:10
DailyBulkApiBatches,15000,7623,2021-06-24 10:14:36
DailyBulkApiBatches,15000,7761,2021-06-24 11:11:34
DailyBulkApiBatches,15000,7801,2021-06-24 12:13:35
DailyBulkApiBatches,15000,7821,2021-06-24 13:11:17
DailyBulkApiBatches,15000,7793,2021-06-24 14:14:27
DailyBulkApiBatches,15000,7803,2021-06-24 15:13:42
DailyBulkApiBatches,15000,7800,2021-06-24 16:13:49
DailyBulkApiBatches,15000,7819,2021-06-24 17:11:34
DailyBulkApiBatches,15000,7815,2021-06-24 18:12:06
DailyBulkApiBatches,15000,7800,2021-06-24 19:13:20
DailyBulkApiBatches,15000,7801,2021-06-24 20:13:12
DailyBulkApiBatches,15000,7799,2021-06-24 21:13:18
DailyBulkApiBatches,15000,7808,2021-06-24 22:12:21
DailyBulkApiBatches,15000,7799,2021-06-24 23:14:02
DailyBulkApiBatches,15000,7791,2021-06-25 00:16:09
DailyBulkApiBatches,15000,7795,2021-06-25 01:13:39
DailyBulkApiBatches,15000,7695,2021-06-25 02:14:02
DailyBulkApiBatches,15000,4935,2021-06-20 23:00:10
DailyBulkApiBatches,15000,4855,2021-06-21 00:00:10
DailyBulkApiBatches,15000,4755,2021-06-21 01:00:10
DailyBulkApiBatches,15000,4819,2021-06-21 04:13:36
DailyBulkApiBatches,15000,4701,2021-06-21 06:14:00
DailyBulkApiBatches,15000,4640,2021-06-21 07:13:59
DailyBulkApiBatches,15000,4576,2021-06-21 08:14:37
DailyBulkApiBatches,15000,4528,2021-06-21 09:14:08
DailyBulkApiBatches,15000,4455,2021-06-21 10:14:36
DailyBulkApiBatches,15000,4417,2021-06-21 12:14:05
DailyBulkApiBatches,15000,4482,2021-06-21 13:14:33
DailyBulkApiBatches,15000,4573,2021-06-21 15:14:15
DailyBulkApiBatches,15000,4691,2021-06-21 17:14:12
DailyBulkApiBatches,15000,4753,2021-06-21 18:14:05
DailyBulkApiBatches,15000,4892,2021-06-21 20:11:37
DailyBulkApiBatches,15000,4982,2021-06-21 22:14:04
DailyBulkApiBatches,15000,5057,2021-06-21 23:13:05
DailyBulkApiBatches,15000,5099,2021-06-22 00:16:21
DailyBulkApiBatches,15000,5169,2021-06-22 01:14:06
DailyBulkApiBatches,15000,5244,2021-06-22 03:13:46
DailyBulkApiBatches,15000,15000,2021-06-13 16:13:44
DailyBulkApiBatches,15000,15000,2021-06-13 17:13:33
DailyBulkApiBatches,15000,15000,2021-06-13 18:11:16
DailyBulkApiBatches,15000,15000,2021-06-13 19:11:55
DailyBulkApiBatches,15000,15000,2021-06-13 20:13:44
DailyBulkApiBatches,15000,14917,2021-06-13 21:12:04
DailyBulkApiBatches,15000,14796,2021-06-13 22:13:47
DailyBulkApiBatches,15000,14676,2021-06-13 23:13:20
DailyBulkApiBatches,15000,14564,2021-06-14 00:11:41
DailyBulkApiBatches,15000,14436,2021-06-14 01:14:37
DailyBulkApiBatches,15000,14306,2021-06-14 02:13:28
DailyBulkApiBatches,15000,14081,2021-06-14 03:11:20
DailyBulkApiBatches,15000,13826,2021-06-14 04:14:34
DailyBulkApiBatches,15000,13586,2021-06-14 05:14:25
DailyBulkApiBatches,15000,13346,2021-06-14 06:14:13
DailyBulkApiBatches,15000,13106,2021-06-14 07:13:51
DailyBulkApiBatches,15000,12866,2021-06-14 08:14:32
DailyBulkApiBatches,15000,12626,2021-06-14 09:14:22
DailyBulkApiBatches,15000,12386,2021-06-14 10:14:35
DailyBulkApiBatches,15000,12146,2021-06-14 11:13:55
DailyBulkApiBatches,15000,11928,2021-06-14 12:14:19
DailyBulkApiBatches,15000,11704,2021-06-14 13:11:06
DailyBulkApiBatches,15000,11446,2021-06-14 14:14:13
DailyBulkApiBatches,15000,11230,2021-06-14 15:14:14
DailyBulkApiBatches,15000,11026,2021-06-14 16:14:46
DailyBulkApiBatches,15000,10826,2021-06-14 17:13:33
DailyBulkApiBatches,15000,10613,2021-06-14 18:13:53
DailyBulkApiBatches,15000,10411,2021-06-14 19:13:30
DailyBulkApiBatches,15000,10220,2021-06-14 20:14:02
DailyBulkApiBatches,15000,10100,2021-06-14 21:13:54
DailyBulkApiBatches,15000,9981,2021-06-14 22:13:25
DailyBulkApiBatches,15000,9871,2021-06-14 23:12:15
DailyBulkApiBatches,15000,9732,2021-06-15 00:16:39
DailyBulkApiBatches,15000,9624,2021-06-15 01:12:25
DailyBulkApiBatches,15000,9601,2021-06-15 02:13:31
DailyBulkApiBatches,15000,9491,2021-06-15 03:13:46
DailyBulkApiBatches,15000,9420,2021-06-15 04:13:21
DailyBulkApiBatches,15000,9349,2021-06-15 05:13:21
DailyBulkApiBatches,15000,9251,2021-06-15 06:14:13
DailyBulkApiBatches,15000,9128,2021-06-15 07:14:55
DailyBulkApiBatches,15000,9054,2021-06-15 08:12:30
DailyBulkApiBatches,15000,8922,2021-06-15 09:13:33
DailyBulkApiBatches,15000,8793,2021-06-15 10:14:28
DailyBulkApiBatches,15000,8673,2021-06-15 11:14:02
DailyBulkApiBatches,15000,8535,2021-06-15 12:13:36
DailyBulkApiBatches,15000,8417,2021-06-15 13:14:01
DailyBulkApiBatches,15000,8273,2021-06-15 14:14:49
DailyBulkApiBatches,15000,8117,2021-06-15 15:14:05
DailyBulkApiBatches,15000,7975,2021-06-15 16:14:37
DailyBulkApiBatches,15000,7851,2021-06-15 17:13:36
DailyBulkApiBatches,15000,7748,2021-06-15 18:13:13
DailyBulkApiBatches,15000,7716,2021-06-15 19:13:33
DailyBulkApiBatches,15000,7664,2021-06-15 20:12:57
DailyBulkApiBatches,15000,7612,2021-06-15 21:13:39
DailyBulkApiBatches,15000,7552,2021-06-15 22:14:07
DailyBulkApiBatches,15000,7504,2021-06-15 23:14:29
DailyBulkApiBatches,15000,7450,2021-06-16 00:16:18
DailyBulkApiBatches,15000,7408,2021-06-16 01:13:46
DailyBulkApiBatches,15000,9366,2021-06-16 02:14:52
DailyBulkApiBatches,15000,9301,2021-06-16 03:13:48
DailyBulkApiBatches,15000,9165,2021-06-16 05:13:46
DailyBulkApiBatches,15000,9406,2021-06-16 06:14:09
DailyBulkApiBatches,15000,9641,2021-06-16 07:11:37
DailyBulkApiBatches,15000,9885,2021-06-16 08:11:19
DailyBulkApiBatches,15000,9736,2021-06-16 09:14:25
DailyBulkApiBatches,15000,11787,2021-06-16 10:14:37
DailyBulkApiBatches,15000,11682,2021-06-16 11:13:17
DailyBulkApiBatches,15000,11430,2021-06-16 12:13:39
DailyBulkApiBatches,15000,11679,2021-06-16 13:13:00
DailyBulkApiBatches,15000,12257,2021-06-16 16:13:50
DailyBulkApiBatches,15000,12128,2021-06-16 18:13:32
DailyBulkApiBatches,15000,12316,2021-06-16 20:11:46
DailyBulkApiBatches,15000,12172,2021-06-16 21:14:19
DailyBulkApiBatches,15000,12057,2021-06-16 23:13:42
DailyBulkApiBatches,15000,12244,2021-06-17 00:11:50
DailyBulkApiBatches,15000,13436,2021-06-17 02:14:02
DailyBulkApiBatches,15000,12975,2021-06-17 03:13:28
DailyBulkApiBatches,15000,12281,2021-06-17 04:12:10
DailyBulkApiBatches,15000,11663,2021-06-17 05:13:30
DailyBulkApiBatches,15000,11051,2021-06-17 07:11:47
DailyBulkApiBatches,15000,10673,2021-06-17 09:11:26
DailyBulkApiBatches,15000,10904,2021-06-17 10:13:13
DailyBulkApiBatches,15000,11051,2021-06-17 11:13:03
DailyBulkApiBatches,15000,10456,2021-06-17 12:13:05
DailyBulkApiBatches,15000,9860,2021-06-17 13:13:26
DailyBulkApiBatches,15000,9146,2021-06-17 14:13:31
DailyBulkApiBatches,15000,8424,2021-06-17 15:14:04
DailyBulkApiBatches,15000,7706,2021-06-17 16:13:49
DailyBulkApiBatches,15000,6999,2021-06-17 17:13:04
DailyBulkApiBatches,15000,6258,2021-06-17 18:14:14
DailyBulkApiBatches,15000,5544,2021-06-17 19:13:29
DailyBulkApiBatches,15000,4830,2021-06-17 20:13:05
DailyBulkApiBatches,15000,4227,2021-06-17 21:13:22
DailyBulkApiBatches,15000,3506,2021-06-17 22:13:10
DailyBulkApiBatches,15000,2790,2021-06-17 23:12:46
DailyBulkApiBatches,15000,2075,2021-06-18 00:12:04
DailyBulkApiBatches,15000,4108,2021-06-18 02:13:15
DailyBulkApiBatches,15000,3722,2021-06-18 03:13:44
DailyBulkApiBatches,15000,4077,2021-06-18 04:14:44
DailyBulkApiBatches,15000,4445,2021-06-18 05:13:57
DailyBulkApiBatches,15000,4153,2021-06-18 06:13:34
DailyBulkApiBatches,15000,3782,2021-06-18 07:13:52
DailyBulkApiBatches,15000,3420,2021-06-18 08:14:49
DailyBulkApiBatches,15000,3641,2021-06-18 09:12:57
DailyBulkApiBatches,15000,4686,2021-06-18 10:13:33
DailyBulkApiBatches,15000,4365,2021-06-18 11:13:17
DailyBulkApiBatches,15000,4729,2021-06-18 12:12:13
DailyBulkApiBatches,15000,5067,2021-06-18 13:14:21
DailyBulkApiBatches,15000,5423,2021-06-18 14:14:23
DailyBulkApiBatches,15000,5794,2021-06-18 15:14:15
DailyBulkApiBatches,15000,6192,2021-06-18 16:12:13
DailyBulkApiBatches,15000,6527,2021-06-18 17:14:36
DailyBulkApiBatches,15000,6912,2021-06-18 18:12:17
DailyBulkApiBatches,15000,7265,2021-06-18 19:13:03
DailyBulkApiBatches,15000,6903,2021-06-18 20:14:01
DailyBulkApiBatches,15000,6546,2021-06-18 21:13:46
DailyBulkApiBatches,15000,6921,2021-06-18 22:12:54
DailyBulkApiBatches,15000,7270,2021-06-18 23:14:07
DailyBulkApiBatches,15000,7109,2021-06-19 00:15:26
DailyBulkApiBatches,15000,6756,2021-06-19 01:13:09
DailyBulkApiBatches,15000,5237,2021-06-22 04:14:55
DailyBulkApiBatches,15000,5709,2021-06-23 09:13:21
DailyBulkApiBatches,15000,7554,2021-06-25 03:13:55
DailyBulkApiBatches,15000,7433,2021-06-25 04:14:34
DailyBulkApiBatches,15000,7314,2021-06-25 05:14:11
DailyBulkApiBatches,15000,7193,2021-06-25 06:14:43
DailyBulkApiBatches,15000,7079,2021-06-25 07:13:46
DailyBulkApiBatches,15000,6974,2021-06-25 08:12:14
DailyBulkApiBatches,15000,6841,2021-06-25 09:13:41
DailyBulkApiBatches,15000,7076,2021-06-25 10:14:11
DailyBulkApiBatches,15000,7363,2021-06-25 11:13:49
DailyBulkApiBatches,15000,7364,2021-06-25 12:13:47
DailyBulkApiBatches,15000,7363,2021-06-25 13:14:00
DailyBulkApiBatches,15000,7373,2021-06-25 14:12:13
DailyBulkApiBatches,15000,7359,2021-06-25 15:13:56
DailyBulkApiBatches,15000,7359,2021-06-25 16:14:09
DailyBulkApiBatches,15000,7001,2021-06-25 17:13:36
DailyBulkApiBatches,15000,6994,2021-06-25 18:14:39
DailyBulkApiBatches,15000,7006,2021-06-25 19:13:06
DailyBulkApiBatches,15000,7006,2021-06-25 20:13:05
DailyBulkApiBatches,15000,6993,2021-06-25 21:14:33
DailyBulkApiBatches,15000,6996,2021-06-25 22:14:12
DailyBulkApiBatches,15000,6649,2021-06-25 23:12:35
DailyBulkApiBatches,15000,6628,2021-06-26 00:16:24
DailyBulkApiBatches,15000,6655,2021-06-26 01:12:00
DailyBulkApiBatches,15000,6637,2021-06-26 02:14:01
DailyBulkApiBatches,15000,6634,2021-06-26 03:14:07
DailyBulkApiBatches,15000,6639,2021-06-26 04:13:07
DailyBulkApiBatches,15000,6659,2021-06-26 05:11:19
DailyBulkApiBatches,15000,8075,2021-06-26 06:14:25
DailyBulkApiBatches,15000,7714,2021-06-26 07:15:02
DailyBulkApiBatches,15000,8412,2021-06-26 08:13:53
DailyBulkApiBatches,15000,8794,2021-06-26 09:14:39
DailyBulkApiBatches,15000,8454,2021-06-26 10:12:10
DailyBulkApiBatches,15000,9167,2021-06-26 11:13:07
DailyBulkApiBatches,15000,9540,2021-06-26 12:14:14
DailyBulkApiBatches,15000,10625,2021-06-26 13:13:27
DailyBulkApiBatches,15000,10630,2021-06-26 14:14:26
DailyBulkApiBatches,15000,10280,2021-06-26 15:13:52
DailyBulkApiBatches,15000,10269,2021-06-26 16:13:28
DailyBulkApiBatches,15000,9915,2021-06-26 17:13:05
DailyBulkApiBatches,15000,9422,2021-06-26 18:14:25
DailyBulkApiBatches,15000,9372,2021-06-26 19:13:09
DailyBulkApiBatches,15000,9577,2021-06-26 20:12:56
DailyBulkApiBatches,15000,9446,2021-06-26 21:11:51
DailyBulkApiBatches,15000,8960,2021-06-26 22:12:58
DailyBulkApiBatches,15000,8483,2021-06-26 23:14:14
DailyBulkApiBatches,15000,9073,2021-06-27 00:15:34
DailyBulkApiBatches,15000,8598,2021-06-27 01:14:18
DailyBulkApiBatches,15000,8126,2021-06-27 02:13:30
DailyBulkApiBatches,15000,7636,2021-06-27 03:13:47
DailyBulkApiBatches,15000,7171,2021-06-27 04:13:44
DailyBulkApiBatches,15000,7057,2021-06-27 05:13:48
DailyBulkApiBatches,15000,6561,2021-06-27 06:13:54
DailyBulkApiBatches,15000,6107,2021-06-27 07:11:47
DailyBulkApiBatches,15000,5609,2021-06-27 08:13:34
DailyBulkApiBatches,15000,5145,2021-06-27 09:12:07
DailyBulkApiBatches,15000,5002,2021-06-27 10:13:27
DailyBulkApiBatches,15000,5640,2021-06-27 13:13:14
DailyBulkApiBatches,15000,5504,2021-06-27 14:13:12
DailyBulkApiBatches,15000,5388,2021-06-27 15:13:58
DailyBulkApiBatches,15000,5380,2021-06-27 16:13:42
DailyBulkApiBatches,15000,5479,2021-06-27 17:13:13
DailyBulkApiBatches,15000,5593,2021-06-27 18:14:10
DailyBulkApiBatches,15000,5349,2021-06-27 19:13:56
DailyBulkApiBatches,15000,5473,2021-06-27 20:13:26
DailyBulkApiBatches,15000,5590,2021-06-27 21:13:36
DailyBulkApiBatches,15000,5715,2021-06-27 22:11:46
DailyBulkApiBatches,15000,5811,2021-06-27 23:13:36
DailyBulkApiBatches,15000,5930,2021-06-28 00:15:24
DailyBulkApiBatches,15000,6052,2021-06-28 01:14:02
DailyBulkApiBatches,15000,6170,2021-06-28 02:14:21
DailyBulkApiBatches,15000,6292,2021-06-28 03:14:26
DailyBulkApiBatches,15000,6418,2021-06-28 04:14:03
DailyBulkApiBatches,15000,6540,2021-06-28 05:13:31
DailyBulkApiBatches,15000,6641,2021-06-28 06:14:53
DailyBulkApiBatches,15000,6775,2021-06-28 07:13:27
DailyBulkApiBatches,15000,6883,2021-06-28 08:15:25
DailyBulkApiBatches,15000,7014,2021-06-28 09:14:15
DailyBulkApiBatches,15000,7079,2021-06-28 10:13:31
DailyBulkApiBatches,15000,6732,2021-06-28 11:11:25
DailyBulkApiBatches,15000,6355,2021-06-28 12:13:39
DailyBulkApiBatches,15000,6467,2021-06-28 13:14:12
DailyBulkApiBatches,15000,6600,2021-06-28 14:14:17
DailyBulkApiBatches,15000,6645,2021-06-28 15:13:24
DailyBulkApiBatches,15000,6637,2021-06-28 16:15:42
DailyBulkApiBatches,15000,6635,2021-06-28 17:14:13
DailyBulkApiBatches,15000,6641,2021-06-28 18:13:27
DailyBulkApiBatches,15000,6637,2021-06-28 19:14:14
DailyBulkApiBatches,15000,6636,2021-06-28 20:14:36
DailyBulkApiBatches,15000,6635,2021-06-28 21:13:51
DailyBulkApiBatches,15000,6637,2021-06-28 22:14:01
DailyBulkApiBatches,15000,6658,2021-06-28 23:11:16
DailyBulkApiBatches,15000,6612,2021-06-29 00:16:43
DailyBulkApiBatches,15000,6561,2021-06-29 01:14:38
DailyBulkApiBatches,15000,6504,2021-06-29 02:14:27
DailyBulkApiBatches,15000,6447,2021-06-29 03:14:30
DailyBulkApiBatches,15000,6419,2021-06-29 04:11:14
DailyBulkApiBatches,15000,6325,2021-06-29 05:14:32
DailyBulkApiBatches,15000,6272,2021-06-29 06:14:30
DailyBulkApiBatches,15000,6213,2021-06-29 07:13:39
DailyBulkApiBatches,15000,6147,2021-06-29 08:13:44
DailyBulkApiBatches,15000,6095,2021-06-29 09:13:17
DailyBulkApiBatches,15000,6030,2021-06-29 10:13:44
DailyBulkApiBatches,15000,5962,2021-06-29 11:14:25
DailyBulkApiBatches,15000,5900,2021-06-29 12:14:47
DailyBulkApiBatches,15000,5861,2021-06-29 13:13:10
DailyBulkApiBatches,15000,5801,2021-06-29 14:13:15
DailyBulkApiBatches,15000,5722,2021-06-29 15:15:31
DailyBulkApiBatches,15000,5666,2021-06-29 16:14:36
DailyBulkApiBatches,15000,5606,2021-06-29 17:13:59
DailyBulkApiBatches,15000,5548,2021-06-29 18:14:13
DailyBulkApiBatches,15000,5489,2021-06-29 19:13:34
DailyBulkApiBatches,15000,5419,2021-06-29 20:14:12
DailyBulkApiBatches,15000,5369,2021-06-29 21:14:21
DailyBulkApiBatches,15000,5316,2021-06-29 22:13:22
DailyBulkApiBatches,15000,5255,2021-06-29 23:13:56
DailyBulkApiBatches,15000,5236,2021-06-30 00:14:51
DailyBulkApiBatches,15000,5236,2021-06-30 01:14:15
DailyBulkApiBatches,15000,5249,2021-06-30 03:13:59
DailyBulkApiBatches,15000,5249,2021-06-30 04:13:29
DailyBulkApiBatches,15000,5241,2021-06-30 05:13:48
DailyBulkApiBatches,15000,5244,2021-06-30 06:14:40
DailyBulkApiBatches,15000,5243,2021-06-30 07:13:33
DailyBulkApiBatches,15000,5243,2021-06-30 08:13:40
DailyBulkApiBatches,15000,5249,2021-06-30 09:13:43
DailyBulkApiBatches,15000,5234,2021-06-30 10:14:27
DailyBulkApiBatches,15000,5243,2021-06-30 11:13:45
DailyBulkApiBatches,15000,5238,2021-06-30 12:13:56
DailyBulkApiBatches,15000,5242,2021-06-30 13:14:01
DailyBulkApiBatches,15000,5242,2021-06-30 15:14:13
DailyBulkApiBatches,15000,5249,2021-06-30 16:13:19
DailyBulkApiBatches,15000,5259,2021-06-30 17:12:21
DailyBulkApiBatches,15000,5251,2021-06-30 18:12:47
DailyBulkApiBatches,15000,5241,2021-06-30 19:15:00
DailyBulkApiBatches,15000,5256,2021-06-30 20:12:42
DailyBulkApiBatches,15000,5248,2021-06-30 21:13:55
DailyBulkApiBatches,15000,5255,2021-06-30 22:12:33
DailyBulkApiBatches,15000,5246,2021-06-30 23:14:14
DailyBulkApiBatches,15000,5255,2021-07-01 00:13:10
DailyBulkApiBatches,15000,5208,2021-07-01 01:14:13
DailyBulkApiBatches,15000,5140,2021-07-01 02:14:04
DailyBulkApiBatches,15000,5088,2021-07-01 03:13:34
DailyBulkApiBatches,15000,5006,2021-07-01 04:14:37
DailyBulkApiBatches,15000,4967,2021-07-01 05:13:22
DailyBulkApiBatches,15000,4910,2021-07-01 06:13:54
DailyBulkApiBatches,15000,4867,2021-07-01 07:12:10
DailyBulkApiBatches,15000,4802,2021-07-01 08:12:13
DailyBulkApiBatches,15000,4734,2021-07-01 09:14:04
DailyBulkApiBatches,15000,4681,2021-07-01 10:13:51
DailyBulkApiBatches,15000,4605,2021-07-01 11:13:25
DailyBulkApiBatches,15000,4537,2021-07-01 12:14:09
DailyBulkApiBatches,15000,4489,2021-07-01 13:13:15
DailyBulkApiBatches,15000,4444,2021-07-01 14:12:00
DailyBulkApiBatches,15000,4386,2021-07-01 15:13:30
DailyBulkApiBatches,15000,4312,2021-07-01 16:14:26
DailyBulkApiBatches,15000,4258,2021-07-01 17:12:47
DailyBulkApiBatches,15000,4180,2021-07-01 18:13:49
DailyBulkApiBatches,15000,4135,2021-07-01 19:12:50
DailyBulkApiBatches,15000,4055,2021-07-01 20:14:26
DailyBulkApiBatches,15000,4021,2021-07-01 21:12:13
DailyBulkApiBatches,15000,3951,2021-07-01 22:14:11
DailyBulkApiBatches,15000,3907,2021-07-01 23:12:11
DailyBulkApiBatches,15000,3836,2021-07-02 00:15:34
DailyBulkApiBatches,15000,3855,2021-07-02 01:13:11
DailyBulkApiBatches,15000,3855,2021-07-02 02:13:34
DailyBulkApiBatches,15000,3859,2021-07-02 03:13:37
DailyBulkApiBatches,15000,3852,2021-07-02 04:15:06
DailyBulkApiBatches,15000,3856,2021-07-02 05:14:21
DailyBulkApiBatches,15000,3847,2021-07-02 06:14:43
DailyBulkApiBatches,15000,3840,2021-07-02 07:14:28
DailyBulkApiBatches,15000,3832,2021-07-02 08:14:43
DailyBulkApiBatches,15000,3852,2021-07-02 09:13:47
DailyBulkApiBatches,15000,3858,2021-07-02 10:13:46
DailyBulkApiBatches,15000,3849,2021-07-02 11:14:04
DailyBulkApiBatches,15000,3857,2021-07-02 12:13:17
DailyBulkApiBatches,15000,3856,2021-07-02 13:13:32
DailyBulkApiBatches,15000,3861,2021-07-02 14:13:32
DailyBulkApiBatches,15000,3860,2021-07-02 15:13:22
DailyBulkApiBatches,15000,3870,2021-07-02 16:14:16
DailyBulkApiBatches,15000,3869,2021-07-02 17:13:06
DailyBulkApiBatches,15000,3870,2021-07-02 18:11:48
DailyBulkApiBatches,15000,3873,2021-07-02 19:13:08
DailyBulkApiBatches,15000,3873,2021-07-02 20:13:55
DailyBulkApiBatches,15000,3882,2021-07-02 21:12:08
DailyBulkApiBatches,15000,3868,2021-07-02 22:13:15
DailyBulkApiBatches,15000,3813,2021-07-02 23:12:52
DailyBulkApiBatches,15000,3728,2021-07-03 00:16:30
DailyBulkApiBatches,15000,3690,2021-07-03 01:13:13
DailyBulkApiBatches,15000,3620,2021-07-03 02:13:36
DailyBulkApiBatches,15000,3579,2021-07-03 03:12:14
DailyBulkApiBatches,15000,3502,2021-07-03 04:13:55
DailyBulkApiBatches,15000,3427,2021-07-03 05:14:41
DailyBulkApiBatches,15000,3392,2021-07-03 06:14:02
DailyBulkApiBatches,15000,3350,2021-07-03 07:14:15
DailyBulkApiBatches,15000,3255,2021-07-03 08:14:32
DailyBulkApiBatches,15000,3173,2021-07-03 09:14:33
DailyBulkApiBatches,15000,3142,2021-07-03 10:14:33
DailyBulkApiBatches,15000,3095,2021-07-03 11:13:25
DailyBulkApiBatches,15000,3047,2021-07-03 12:11:54
DailyBulkApiBatches,15000,2977,2021-07-03 13:14:16
DailyBulkApiBatches,15000,2874,2021-07-03 14:13:22
DailyBulkApiBatches,15000,2837,2021-07-03 15:12:58
DailyBulkApiBatches,15000,2780,2021-07-03 16:12:09
DailyBulkApiBatches,15000,2716,2021-07-03 17:13:01
DailyBulkApiBatches,15000,2679,2021-07-03 18:13:35
DailyBulkApiBatches,15000,2586,2021-07-03 19:13:43
DailyBulkApiBatches,15000,2593,2021-07-03 20:13:15
DailyBulkApiBatches,15000,2601,2021-07-03 21:13:19
DailyBulkApiBatches,15000,2684,2021-07-03 22:13:04
DailyBulkApiBatches,15000,2686,2021-07-03 23:12:47
DailyBulkApiBatches,15000,2657,2021-07-04 00:15:39
DailyBulkApiBatches,15000,2670,2021-07-04 01:14:27
DailyBulkApiBatches,15000,2666,2021-07-04 02:14:38
DailyBulkApiBatches,15000,2670,2021-07-04 03:14:16
DailyBulkApiBatches,15000,2670,2021-07-04 04:13:32
DailyBulkApiBatches,15000,3278,2021-07-04 05:13:42
DailyBulkApiBatches,15000,3204,2021-07-04 06:13:40
DailyBulkApiBatches,15000,3224,2021-07-04 07:13:54
DailyBulkApiBatches,15000,3218,2021-07-04 08:14:13
DailyBulkApiBatches,15000,3232,2021-07-04 09:14:11
DailyBulkApiBatches,15000,3221,2021-07-04 10:13:12
DailyBulkApiBatches,15000,3213,2021-07-04 11:11:30
DailyBulkApiBatches,15000,3242,2021-07-04 12:11:06
DailyBulkApiBatches,15000,2704,2021-07-04 13:11:26
DailyBulkApiBatches,15000,2680,2021-07-04 14:14:01
DailyBulkApiBatches,15000,2685,2021-07-04 15:14:07
DailyBulkApiBatches,15000,2684,2021-07-04 16:13:30
DailyBulkApiBatches,15000,2672,2021-07-04 17:14:02
DailyBulkApiBatches,15000,2683,2021-07-04 18:14:01
DailyBulkApiBatches,15000,2629,2021-07-04 19:14:06
DailyBulkApiBatches,15000,2557,2021-07-04 20:13:47
DailyBulkApiBatches,15000,2461,2021-07-04 21:14:17
DailyBulkApiBatches,15000,2452,2021-07-04 22:14:09
DailyBulkApiBatches,15000,2475,2021-07-04 23:12:52
DailyBulkApiBatches,15000,2456,2021-07-05 00:15:27
DailyBulkApiBatches,15000,2484,2021-07-05 01:12:02
DailyBulkApiBatches,15000,2457,2021-07-05 02:14:49
DailyBulkApiBatches,15000,2464,2021-07-05 03:14:42
DailyBulkApiBatches,15000,2453,2021-07-05 04:14:29
DailyBulkApiBatches,15000,2456,2021-07-05 05:13:45
DailyBulkApiBatches,15000,2464,2021-07-05 06:13:32
DailyBulkApiBatches,15000,2455,2021-07-05 07:14:01
DailyBulkApiBatches,15000,2464,2021-07-05 08:13:45
DailyBulkApiBatches,15000,2468,2021-07-05 09:14:05
DailyBulkApiBatches,15000,2467,2021-07-05 10:13:12
DailyBulkApiBatches,15000,2483,2021-07-05 11:11:07
DailyBulkApiBatches,15000,2477,2021-07-05 12:12:01
DailyBulkApiBatches,15000,2465,2021-07-05 13:13:17
DailyBulkApiBatches,15000,2471,2021-07-05 14:13:16
DailyBulkApiBatches,15000,2471,2021-07-05 15:13:21
DailyBulkApiBatches,15000,2464,2021-07-05 16:14:08
DailyBulkApiBatches,15000,2472,2021-07-05 17:12:48
DailyBulkApiBatches,15000,2450,2021-07-05 18:14:18
DailyBulkApiBatches,15000,2306,2021-07-05 19:31:43
DailyBulkApiBatches,15000,2467,2021-07-05 20:13:19
DailyBulkApiBatches,15000,2468,2021-07-05 21:13:03
DailyBulkApiBatches,15000,2500,2021-07-05 22:12:51
DailyBulkApiBatches,15000,2486,2021-07-05 23:14:06
DailyBulkApiBatches,15000,2509,2021-07-06 00:12:23
DailyBulkApiBatches,15000,2484,2021-07-06 01:14:25
DailyBulkApiBatches,15000,2542,2021-07-06 02:14:49
DailyBulkApiBatches,15000,2592,2021-07-06 03:14:15
DailyBulkApiBatches,15000,2651,2021-07-06 04:14:59
DailyBulkApiBatches,15000,2752,2021-07-06 05:13:40
DailyBulkApiBatches,15000,2784,2021-07-06 06:14:07
DailyBulkApiBatches,15000,2847,2021-07-06 07:13:29
DailyBulkApiBatches,15000,2892,2021-07-06 08:13:38
DailyBulkApiBatches,15000,2959,2021-07-06 09:14:24
DailyBulkApiBatches,15000,3010,2021-07-06 10:14:40
DailyBulkApiBatches,15000,3079,2021-07-06 11:13:34
DailyBulkApiBatches,15000,3150,2021-07-06 12:13:25
DailyBulkApiBatches,15000,3205,2021-07-06 13:13:28
DailyBulkApiBatches,15000,3254,2021-07-06 14:14:32
DailyBulkApiBatches,15000,3323,2021-07-06 15:14:19
DailyBulkApiBatches,15000,3389,2021-07-06 16:13:35
DailyBulkApiBatches,15000,3453,2021-07-06 17:12:14
DailyBulkApiBatches,15000,3499,2021-07-06 18:14:29
DailyBulkApiBatches,15000,3569,2021-07-06 19:14:28
DailyBulkApiBatches,15000,3616,2021-07-06 20:14:01
DailyBulkApiBatches,15000,3658,2021-07-06 21:12:50
DailyBulkApiBatches,15000,3705,2021-07-06 22:14:42
DailyBulkApiBatches,15000,3770,2021-07-06 23:13:41
DailyBulkApiBatches,15000,3816,2021-07-07 00:16:06
DailyBulkApiBatches,15000,3899,2021-07-07 01:13:39
DailyBulkApiBatches,15000,3963,2021-07-07 02:13:50
DailyBulkApiBatches,15000,4028,2021-07-07 03:13:45
DailyBulkApiBatches,15000,4068,2021-07-07 04:14:34
DailyBulkApiBatches,15000,4145,2021-07-07 05:14:28
DailyBulkApiBatches,15000,4211,2021-07-07 06:13:59
DailyBulkApiBatches,15000,4275,2021-07-07 07:14:36
DailyBulkApiBatches,15000,4323,2021-07-07 08:14:26
DailyBulkApiBatches,15000,4390,2021-07-07 09:14:29
DailyBulkApiBatches,15000,4445,2021-07-07 10:13:54
DailyBulkApiBatches,15000,4501,2021-07-07 11:14:33
DailyBulkApiBatches,15000,4557,2021-07-07 12:14:53
DailyBulkApiBatches,15000,4649,2021-07-07 13:14:11
DailyBulkApiBatches,15000,4717,2021-07-07 14:14:00
DailyBulkApiBatches,15000,4794,2021-07-07 15:12:51
DailyBulkApiBatches,15000,4843,2021-07-07 16:13:28
DailyBulkApiBatches,15000,4909,2021-07-07 17:14:10
DailyBulkApiBatches,15000,4970,2021-07-07 18:12:48
DailyBulkApiBatches,15000,5034,2021-07-07 19:13:00
DailyBulkApiBatches,15000,5083,2021-07-07 20:14:00
DailyBulkApiBatches,15000,5146,2021-07-07 21:13:48
DailyBulkApiBatches,15000,5203,2021-07-07 22:13:36
DailyBulkApiBatches,15000,5258,2021-07-07 23:14:38
DailyBulkApiBatches,15000,5269,2021-07-08 00:16:19
DailyBulkApiBatches,15000,5275,2021-07-08 01:13:52
DailyBulkApiBatches,15000,5268,2021-07-08 02:14:32
DailyBulkApiBatches,15000,5310,2021-07-08 03:14:45
DailyBulkApiBatches,15000,5368,2021-07-08 04:11:49
DailyBulkApiBatches,15000,5396,2021-07-08 05:14:20
DailyBulkApiBatches,15000,5429,2021-07-08 06:14:22
DailyBulkApiBatches,15000,5472,2021-07-08 07:12:54
DailyBulkApiBatches,15000,5500,2021-07-08 08:14:59
DailyBulkApiBatches,15000,5545,2021-07-08 09:14:21
DailyBulkApiBatches,15000,5577,2021-07-08 10:12:51
DailyBulkApiBatches,15000,5619,2021-07-08 11:12:11
DailyBulkApiBatches,15000,5661,2021-07-08 12:12:22
DailyBulkApiBatches,15000,5647,2021-07-08 13:14:16
DailyBulkApiBatches,15000,5683,2021-07-08 14:13:10
DailyBulkApiBatches,15000,5715,2021-07-08 15:14:33
DailyBulkApiBatches,15000,5769,2021-07-08 16:12:02
DailyBulkApiBatches,15000,5789,2021-07-08 17:13:32
DailyBulkApiBatches,15000,5819,2021-07-08 18:15:05
DailyBulkApiBatches,15000,5862,2021-07-08 19:14:23
DailyBulkApiBatches,15000,5899,2021-07-08 20:14:22
DailyBulkApiBatches,15000,5947,2021-07-08 21:12:29
DailyBulkApiBatches,15000,5964,2021-07-08 22:14:35
DailyBulkApiBatches,15000,6007,2021-07-08 23:13:26
DailyBulkApiBatches,15000,6028,2021-07-09 00:16:40
DailyBulkApiBatches,15000,6110,2021-07-09 01:13:13
DailyBulkApiBatches,15000,6122,2021-07-09 02:14:13
DailyBulkApiBatches,15000,6164,2021-07-09 03:11:57
DailyBulkApiBatches,15000,6164,2021-07-09 04:14:33
DailyBulkApiBatches,15000,6191,2021-07-09 05:14:40
DailyBulkApiBatches,15000,6214,2021-07-09 06:14:34
DailyBulkApiBatches,15000,6242,2021-07-09 07:13:58
DailyBulkApiBatches,15000,6262,2021-07-09 08:14:14
DailyBulkApiBatches,15000,6288,2021-07-09 09:14:12
DailyBulkApiBatches,15000,6310,2021-07-09 10:15:12
DailyBulkApiBatches,15000,6333,2021-07-09 11:14:31
DailyBulkApiBatches,15000,6360,2021-07-09 12:14:23
DailyBulkApiBatches,15000,6385,2021-07-09 13:14:18
DailyBulkApiBatches,15000,6432,2021-07-09 14:11:36
DailyBulkApiBatches,15000,6428,2021-07-09 15:14:05
DailyBulkApiBatches,15000,6472,2021-07-09 16:12:38
DailyBulkApiBatches,15000,6483,2021-07-09 17:14:18
DailyBulkApiBatches,15000,6513,2021-07-09 18:13:57
DailyBulkApiBatches,15000,6541,2021-07-09 19:13:51
DailyBulkApiBatches,15000,6544,2021-07-09 20:14:28
DailyBulkApiBatches,15000,6587,2021-07-09 21:13:24
DailyBulkApiBatches,15000,6620,2021-07-09 22:11:54
DailyBulkApiBatches,15000,6721,2021-07-09 23:12:58
DailyBulkApiBatches,15000,6644,2021-07-10 00:16:40
DailyBulkApiBatches,15000,6648,2021-07-10 01:12:33
DailyBulkApiBatches,15000,6635,2021-07-10 02:13:34
DailyBulkApiBatches,15000,6643,2021-07-10 14:13:44
DailyBulkApiBatches,15000,6631,2021-07-10 15:14:09
DailyBulkApiBatches,15000,6640,2021-07-10 16:13:44
DailyBulkApiBatches,15000,6654,2021-07-10 17:12:15
DailyBulkApiBatches,15000,6678,2021-07-10 18:13:13
DailyBulkApiBatches,15000,6685,2021-07-10 19:12:53
DailyBulkApiBatches,15000,6636,2021-07-10 20:14:16
DailyBulkApiBatches,15000,6665,2021-07-10 21:11:21
DailyBulkApiBatches,15000,6577,2021-07-10 22:13:02
DailyBulkApiBatches,15000,6630,2021-07-11 00:15:58
DailyBulkApiBatches,15000,6630,2021-07-11 01:14:14
DailyBulkApiBatches,15000,6616,2021-07-11 02:14:46
DailyBulkApiBatches,15000,6559,2021-07-11 03:14:30
DailyBulkApiBatches,15000,6502,2021-07-11 04:14:05
DailyBulkApiBatches,15000,6473,2021-07-11 05:14:31
DailyBulkApiBatches,15000,6380,2021-07-11 06:14:45
DailyBulkApiBatches,15000,6297,2021-07-11 07:14:18
DailyBulkApiBatches,15000,6272,2021-07-11 08:13:29
DailyBulkApiBatches,15000,6173,2021-07-11 09:14:07
DailyBulkApiBatches,15000,6136,2021-07-11 10:13:36
DailyBulkApiBatches,15000,6088,2021-07-11 11:13:02
DailyBulkApiBatches,15000,6012,2021-07-11 12:13:24
DailyBulkApiBatches,15000,5973,2021-07-11 13:12:11
DailyBulkApiBatches,15000,5882,2021-07-11 14:14:23
DailyBulkApiBatches,15000,5845,2021-07-11 15:13:20
DailyBulkApiBatches,15000,5756,2021-07-11 16:13:37
DailyBulkApiBatches,15000,5715,2021-07-11 17:13:49
DailyBulkApiBatches,15000,5668,2021-07-11 18:13:25
DailyBulkApiBatches,15000,5613,2021-07-11 19:12:12
DailyBulkApiBatches,15000,5483,2021-07-11 21:13:01
DailyBulkApiBatches,15000,5403,2021-07-11 22:13:47
DailyBulkApiBatches,15000,5368,2021-07-11 23:13:31
DailyBulkApiBatches,15000,5313,2021-07-12 00:12:28
DailyBulkApiBatches,15000,5242,2021-07-12 01:13:39
DailyBulkApiBatches,15000,5260,2021-07-12 02:14:56
DailyBulkApiBatches,15000,5332,2021-07-12 03:13:49
DailyBulkApiBatches,15000,5416,2021-07-12 04:11:47
DailyBulkApiBatches,15000,5469,2021-07-12 05:12:03
DailyBulkApiBatches,15000,5515,2021-07-12 06:14:15
DailyBulkApiBatches,15000,5576,2021-07-12 07:14:05
DailyBulkApiBatches,15000,5667,2021-07-12 08:14:15
DailyBulkApiBatches,15000,5737,2021-07-12 09:13:28
DailyBulkApiBatches,15000,5793,2021-07-12 10:13:13
DailyBulkApiBatches,15000,5865,2021-07-12 11:11:52
DailyBulkApiBatches,15000,5901,2021-07-12 12:14:29
DailyBulkApiBatches,15000,5967,2021-07-12 13:14:16
DailyBulkApiBatches,15000,6036,2021-07-12 14:13:00
DailyBulkApiBatches,15000,6128,2021-07-12 15:12:58
DailyBulkApiBatches,15000,6181,2021-07-12 16:14:09
DailyBulkApiBatches,15000,6253,2021-07-12 17:13:48
DailyBulkApiBatches,15000,6306,2021-07-12 18:13:51
DailyBulkApiBatches,15000,6360,2021-07-12 19:14:16
DailyBulkApiBatches,15000,6435,2021-07-12 20:12:33
DailyBulkApiBatches,15000,6487,2021-07-12 21:13:20
DailyBulkApiBatches,15000,6553,2021-07-12 22:11:48
DailyBulkApiBatches,15000,6611,2021-07-12 23:13:06
DailyBulkApiBatches,15000,6651,2021-07-13 00:16:28
DailyBulkApiBatches,15000,6707,2021-07-13 01:13:50
DailyBulkApiBatches,15000,6704,2021-07-13 02:14:20
DailyBulkApiBatches,15000,6690,2021-07-13 03:14:25
DailyBulkApiBatches,15000,6690,2021-07-13 04:14:53
DailyBulkApiBatches,15000,6693,2021-07-13 05:13:49
DailyBulkApiBatches,15000,6703,2021-07-13 06:13:25
DailyBulkApiBatches,15000,6665,2021-07-13 07:14:03
DailyBulkApiBatches,15000,6677,2021-07-13 08:12:39
DailyBulkApiBatches,15000,6662,2021-07-13 09:14:57
DailyBulkApiBatches,15000,6666,2021-07-13 10:13:39
DailyBulkApiBatches,15000,6658,2021-07-13 11:14:12
DailyBulkApiBatches,15000,6670,2021-07-13 12:13:47
DailyBulkApiBatches,15000,6665,2021-07-13 13:14:09
DailyBulkApiBatches,15000,6650,2021-07-13 14:12:50
DailyBulkApiBatches,15000,6646,2021-07-13 15:13:11
DailyBulkApiBatches,15000,6638,2021-07-13 16:13:47
DailyBulkApiBatches,15000,6640,2021-07-13 17:13:23
DailyBulkApiBatches,15000,6650,2021-07-13 18:12:04
DailyBulkApiBatches,15000,6648,2021-07-13 19:12:29
DailyBulkApiBatches,15000,6637,2021-07-13 20:14:06
DailyBulkApiBatches,15000,6641,2021-07-13 21:14:04
DailyBulkApiBatches,15000,6642,2021-07-13 22:13:35
DailyBulkApiBatches,15000,6638,2021-07-13 23:13:57
DailyBulkApiBatches,15000,6631,2021-07-14 00:16:04
DailyBulkApiBatches,15000,6647,2021-07-14 01:12:17
DailyBulkApiBatches,15000,6647,2021-07-14 02:12:14
DailyBulkApiBatches,15000,6706,2021-07-14 03:13:32
DailyBulkApiBatches,15000,6757,2021-07-14 04:14:14
DailyBulkApiBatches,15000,6827,2021-07-14 05:13:15
DailyBulkApiBatches,15000,6882,2021-07-14 06:14:02
DailyBulkApiBatches,15000,6942,2021-07-14 07:13:42
DailyBulkApiBatches,15000,6994,2021-07-14 08:14:43
DailyBulkApiBatches,15000,7055,2021-07-14 09:14:07
DailyBulkApiBatches,15000,7113,2021-07-14 10:13:58
DailyBulkApiBatches,15000,7172,2021-07-14 11:14:38
DailyBulkApiBatches,15000,7232,2021-07-14 12:15:23
DailyBulkApiBatches,15000,7297,2021-07-14 13:13:00
DailyBulkApiBatches,15000,7346,2021-07-14 14:13:31
DailyBulkApiBatches,15000,7437,2021-07-14 15:13:42
DailyBulkApiBatches,15000,7493,2021-07-14 16:14:22
DailyBulkApiBatches,15000,7558,2021-07-14 17:13:41
DailyBulkApiBatches,15000,7613,2021-07-14 18:14:51
DailyBulkApiBatches,15000,7679,2021-07-14 19:13:27
DailyBulkApiBatches,15000,7748,2021-07-14 20:11:49
DailyBulkApiBatches,15000,7795,2021-07-14 21:13:20
DailyBulkApiBatches,15000,7853,2021-07-14 22:14:15
DailyBulkApiBatches,15000,7914,2021-07-14 23:14:24
DailyBulkApiBatches,15000,7972,2021-07-15 00:15:47
DailyBulkApiBatches,15000,7919,2021-07-15 01:13:23
DailyBulkApiBatches,15000,7676,2021-07-15 02:14:12
DailyBulkApiBatches,15000,7436,2021-07-15 03:15:02
DailyBulkApiBatches,15000,7202,2021-07-15 04:14:03
DailyBulkApiBatches,15000,6953,2021-07-15 05:13:48
DailyBulkApiBatches,15000,6744,2021-07-15 06:12:26
DailyBulkApiBatches,15000,6489,2021-07-15 07:13:44
DailyBulkApiBatches,15000,6261,2021-07-15 08:12:21
DailyBulkApiBatches,15000,6016,2021-07-15 09:12:24
DailyBulkApiBatches,15000,5768,2021-07-15 10:13:26
DailyBulkApiBatches,15000,5533,2021-07-15 11:13:12
DailyBulkApiBatches,15000,5270,2021-07-15 12:15:20
DailyBulkApiBatches,15000,5056,2021-07-15 13:13:14
DailyBulkApiBatches,15000,4988,2021-07-15 14:14:19
DailyBulkApiBatches,15000,4972,2021-07-15 15:13:25
DailyBulkApiBatches,15000,4969,2021-07-15 16:14:29
DailyBulkApiBatches,15000,4966,2021-07-15 17:14:45
DailyBulkApiBatches,15000,4965,2021-07-15 18:15:02
DailyBulkApiBatches,15000,4978,2021-07-15 19:13:39
DailyBulkApiBatches,15000,4968,2021-07-15 20:14:28
DailyBulkApiBatches,15000,4965,2021-07-15 21:14:28
DailyBulkApiBatches,15000,4972,2021-07-15 22:12:59
DailyBulkApiBatches,15000,4966,2021-07-15 23:14:26
DailyBulkApiBatches,15000,5039,2021-07-16 00:16:02
DailyBulkApiBatches,15000,5290,2021-07-16 01:13:22
DailyBulkApiBatches,15000,5522,2021-07-16 02:12:43
DailyBulkApiBatches,15000,5743,2021-07-16 03:13:41
DailyBulkApiBatches,15000,5970,2021-07-16 04:14:23
DailyBulkApiBatches,15000,6204,2021-07-16 05:13:27
DailyBulkApiBatches,15000,6431,2021-07-16 06:13:58
DailyBulkApiBatches,15000,6651,2021-07-16 07:13:50
DailyBulkApiBatches,15000,6885,2021-07-16 08:14:34
DailyBulkApiBatches,15000,7121,2021-07-16 09:13:26
DailyBulkApiBatches,15000,7341,2021-07-16 10:13:30
DailyBulkApiBatches,15000,7564,2021-07-16 11:13:58
DailyBulkApiBatches,15000,7805,2021-07-16 12:11:51
DailyBulkApiBatches,15000,7870,2021-07-16 13:13:42
DailyBulkApiBatches,15000,7845,2021-07-16 14:13:56
DailyBulkApiBatches,15000,7823,2021-07-16 15:13:37
DailyBulkApiBatches,15000,7819,2021-07-16 16:11:48
DailyBulkApiBatches,15000,7775,2021-07-16 17:14:17
DailyBulkApiBatches,15000,7749,2021-07-16 18:13:44
DailyBulkApiBatches,15000,7723,2021-07-16 19:14:36
DailyBulkApiBatches,15000,7690,2021-07-16 20:14:12
DailyBulkApiBatches,15000,7645,2021-07-16 21:13:57
DailyBulkApiBatches,15000,7603,2021-07-16 22:13:38
DailyBulkApiBatches,15000,7553,2021-07-16 23:13:31
DailyBulkApiBatches,15000,7493,2021-07-17 00:16:00
DailyBulkApiBatches,15000,7459,2021-07-17 01:13:33
DailyBulkApiBatches,15000,7427,2021-07-17 02:13:41
DailyBulkApiBatches,15000,7396,2021-07-17 03:11:31
DailyBulkApiBatches,15000,7337,2021-07-17 04:12:36
DailyBulkApiBatches,15000,7275,2021-07-17 05:13:44
DailyBulkApiBatches,15000,7240,2021-07-17 06:12:21
DailyBulkApiBatches,15000,7183,2021-07-17 07:13:08
DailyBulkApiBatches,15000,7114,2021-07-17 08:14:52
DailyBulkApiBatches,15000,7084,2021-07-17 09:14:06
DailyBulkApiBatches,15000,7035,2021-07-17 10:13:56
DailyBulkApiBatches,15000,6997,2021-07-17 11:13:30
DailyBulkApiBatches,15000,6966,2021-07-17 12:13:12
DailyBulkApiBatches,15000,6946,2021-07-17 13:11:24
DailyBulkApiBatches,15000,6880,2021-07-17 14:14:50
DailyBulkApiBatches,15000,6855,2021-07-17 15:13:48
DailyBulkApiBatches,15000,6807,2021-07-17 16:14:12
DailyBulkApiBatches,15000,6800,2021-07-17 17:13:50
DailyBulkApiBatches,15000,6753,2021-07-17 18:12:57
DailyBulkApiBatches,15000,6708,2021-07-17 19:13:33
DailyBulkApiBatches,15000,6692,2021-07-17 20:13:14
DailyBulkApiBatches,15000,6690,2021-07-17 21:13:02
DailyBulkApiBatches,15000,6709,2021-07-17 22:12:49
DailyBulkApiBatches,15000,6663,2021-07-17 23:13:56
DailyBulkApiBatches,15000,6644,2021-07-18 00:16:17
DailyBulkApiBatches,15000,6636,2021-07-18 01:13:46
DailyBulkApiBatches,15000,6630,2021-07-18 02:14:19
DailyBulkApiBatches,15000,6630,2021-07-18 03:14:22
DailyBulkApiBatches,15000,6655,2021-07-18 04:11:56
DailyBulkApiBatches,15000,6647,2021-07-18 05:13:18
DailyBulkApiBatches,15000,6631,2021-07-18 06:13:38
DailyBulkApiBatches,15000,6632,2021-07-18 07:13:26
DailyBulkApiBatches,15000,6621,2021-07-18 08:14:07
DailyBulkApiBatches,15000,6633,2021-07-18 09:13:51
DailyBulkApiBatches,15000,6632,2021-07-18 10:13:37
DailyBulkApiBatches,15000,6637,2021-07-18 11:13:18
DailyBulkApiBatches,15000,6637,2021-07-18 12:13:04
DailyBulkApiBatches,15000,6641,2021-07-18 13:11:45
DailyBulkApiBatches,15000,6610,2021-07-18 14:13:40
DailyBulkApiBatches,15000,6605,2021-07-18 15:12:56
DailyBulkApiBatches,15000,6586,2021-07-18 16:14:15
DailyBulkApiBatches,15000,6595,2021-07-18 17:11:43
DailyBulkApiBatches,15000,6573,2021-07-18 18:13:08
DailyBulkApiBatches,15000,6558,2021-07-18 19:13:44
DailyBulkApiBatches,15000,6495,2021-07-18 20:13:49
DailyBulkApiBatches,15000,6540,2021-07-18 21:12:19
DailyBulkApiBatches,15000,6524,2021-07-18 22:12:51
DailyBulkApiBatches,15000,6506,2021-07-18 23:13:21
DailyBulkApiBatches,15000,6488,2021-07-19 00:16:00
DailyBulkApiBatches,15000,6480,2021-07-19 01:13:57
DailyBulkApiBatches,15000,6466,2021-07-19 02:14:53
DailyBulkApiBatches,15000,6456,2021-07-19 03:14:00
DailyBulkApiBatches,15000,6443,2021-07-19 04:14:04
DailyBulkApiBatches,15000,6436,2021-07-19 05:13:24
DailyBulkApiBatches,15000,6422,2021-07-19 06:13:49
DailyBulkApiBatches,15000,6407,2021-07-19 07:13:34
DailyBulkApiBatches,15000,6394,2021-07-19 08:14:48
DailyBulkApiBatches,15000,6386,2021-07-19 09:14:07
DailyBulkApiBatches,15000,6374,2021-07-19 10:14:14
DailyBulkApiBatches,15000,6365,2021-07-19 11:13:16
DailyBulkApiBatches,15000,6358,2021-07-19 12:13:58
DailyBulkApiBatches,15000,6359,2021-07-19 13:13:57
DailyBulkApiBatches,15000,6364,2021-07-19 14:13:32
DailyBulkApiBatches,15000,6361,2021-07-19 15:13:59
DailyBulkApiBatches,15000,6362,2021-07-19 16:13:37
DailyBulkApiBatches,15000,6364,2021-07-19 17:13:14
DailyBulkApiBatches,15000,6377,2021-07-19 18:12:10
DailyBulkApiBatches,15000,6363,2021-07-19 19:14:00
DailyBulkApiBatches,15000,6365,2021-07-19 20:14:09
DailyBulkApiBatches,15000,6388,2021-07-19 21:14:07
DailyBulkApiBatches,15000,6387,2021-07-19 23:14:19
DailyBulkApiBatches,15000,6379,2021-07-20 00:16:32
DailyBulkApiBatches,15000,6382,2021-07-20 01:14:20
DailyBulkApiBatches,15000,6420,2021-07-20 02:13:46
DailyBulkApiBatches,15000,6455,2021-07-20 03:13:14
DailyBulkApiBatches,15000,6504,2021-07-20 04:13:27
DailyBulkApiBatches,15000,6533,2021-07-20 05:13:36
DailyBulkApiBatches,15000,6569,2021-07-20 06:14:28
DailyBulkApiBatches,15000,6609,2021-07-20 07:13:56
DailyBulkApiBatches,15000,6643,2021-07-20 08:14:32
DailyBulkApiBatches,15000,6689,2021-07-20 09:12:56
DailyBulkApiBatches,15000,6722,2021-07-20 10:12:50
DailyBulkApiBatches,15000,6772,2021-07-20 11:11:02
DailyBulkApiBatches,15000,6781,2021-07-20 12:14:15
DailyBulkApiBatches,15000,6847,2021-07-20 13:10:49
DailyBulkApiBatches,15000,6864,2021-07-20 14:12:32
DailyBulkApiBatches,15000,6898,2021-07-20 15:12:58
DailyBulkApiBatches,15000,6927,2021-07-20 16:14:01
DailyBulkApiBatches,15000,6987,2021-07-20 17:12:20
DailyBulkApiBatches,15000,7001,2021-07-20 18:13:17
DailyBulkApiBatches,15000,7037,2021-07-20 19:14:15
DailyBulkApiBatches,15000,7061,2021-07-20 20:13:19
DailyBulkApiBatches,15000,7085,2021-07-20 21:13:08
DailyBulkApiBatches,15000,7135,2021-07-20 22:11:32
DailyBulkApiBatches,15000,7150,2021-07-20 23:13:57
DailyBulkApiBatches,15000,7185,2021-07-21 00:15:05
DailyBulkApiBatches,15000,7206,2021-07-21 01:12:52
DailyBulkApiBatches,15000,7197,2021-07-21 02:14:04
DailyBulkApiBatches,15000,7192,2021-07-21 03:13:45
DailyBulkApiBatches,15000,7165,2021-07-21 04:13:21
DailyBulkApiBatches,15000,7114,2021-07-21 05:13:37
DailyBulkApiBatches,15000,7096,2021-07-21 06:11:03
DailyBulkApiBatches,15000,7020,2021-07-21 07:13:39
DailyBulkApiBatches,15000,6975,2021-07-21 08:13:35
DailyBulkApiBatches,15000,6928,2021-07-21 09:14:01
DailyBulkApiBatches,15000,6873,2021-07-21 10:14:20
DailyBulkApiBatches,15000,6833,2021-07-21 11:13:27
DailyBulkApiBatches,15000,6824,2021-07-21 12:12:55
DailyBulkApiBatches,15000,6760,2021-07-21 13:14:50
DailyBulkApiBatches,15000,6739,2021-07-21 14:13:25
DailyBulkApiBatches,15000,6697,2021-07-21 15:13:45
DailyBulkApiBatches,15000,6633,2021-07-21 16:13:48
DailyBulkApiBatches,15000,6587,2021-07-21 17:12:44
DailyBulkApiBatches,15000,6530,2021-07-21 18:13:31
DailyBulkApiBatches,15000,6484,2021-07-21 19:13:17
DailyBulkApiBatches,15000,6779,2021-07-21 20:13:03
DailyBulkApiBatches,15000,6726,2021-07-21 21:13:09
DailyBulkApiBatches,15000,8220,2021-07-21 22:13:10
DailyBulkApiBatches,15000,8165,2021-07-21 23:13:05
DailyBulkApiBatches,15000,8106,2021-07-22 00:15:23
DailyBulkApiBatches,15000,7737,2021-07-22 01:12:24
DailyBulkApiBatches,15000,8442,2021-07-22 02:14:07
DailyBulkApiBatches,15000,8414,2021-07-22 03:13:23
DailyBulkApiBatches,15000,8029,2021-07-22 04:13:50
DailyBulkApiBatches,15000,8032,2021-07-22 05:13:09
DailyBulkApiBatches,15000,8039,2021-07-22 06:12:29
DailyBulkApiBatches,15000,7674,2021-07-22 07:11:03
DailyBulkApiBatches,15000,7655,2021-07-22 08:13:29
DailyBulkApiBatches,15000,7656,2021-07-22 09:12:48
DailyBulkApiBatches,15000,7280,2021-07-22 10:11:49
DailyBulkApiBatches,15000,7257,2021-07-22 11:11:15
DailyBulkApiBatches,15000,7231,2021-07-22 12:13:51
DailyBulkApiBatches,15000,7256,2021-07-22 13:11:07
DailyBulkApiBatches,15000,7226,2021-07-22 14:14:05
DailyBulkApiBatches,15000,7244,2021-07-22 15:12:30
DailyBulkApiBatches,15000,7248,2021-07-22 16:11:48
DailyBulkApiBatches,15000,7251,2021-07-22 17:13:53
DailyBulkApiBatches,15000,7243,2021-07-22 18:13:07
DailyBulkApiBatches,15000,6849,2021-07-22 19:13:59
DailyBulkApiBatches,15000,6872,2021-07-22 20:11:57
DailyBulkApiBatches,15000,6480,2021-07-22 21:12:49
DailyBulkApiBatches,15000,6495,2021-07-22 22:11:10
DailyBulkApiBatches,15000,6474,2021-07-22 23:13:21
DailyBulkApiBatches,15000,6082,2021-07-23 00:14:59
DailyBulkApiBatches,15000,6094,2021-07-23 01:12:48
DailyBulkApiBatches,15000,6082,2021-07-23 02:14:13
DailyBulkApiBatches,15000,6082,2021-07-23 03:14:31
DailyBulkApiBatches,15000,6822,2021-07-23 04:14:01
DailyBulkApiBatches,15000,6428,2021-07-23 05:13:25
DailyBulkApiBatches,15000,6389,2021-07-23 06:13:20
DailyBulkApiBatches,15000,6340,2021-07-23 07:14:02
DailyBulkApiBatches,15000,6309,2021-07-23 08:13:50
DailyBulkApiBatches,15000,6337,2021-07-23 09:13:26
DailyBulkApiBatches,15000,6311,2021-07-23 10:12:19
DailyBulkApiBatches,15000,7050,2021-07-23 11:13:14
DailyBulkApiBatches,15000,8092,2021-07-23 12:12:56
DailyBulkApiBatches,15000,7665,2021-07-23 13:13:44
DailyBulkApiBatches,15000,7622,2021-07-23 14:13:54
DailyBulkApiBatches,15000,7601,2021-07-23 15:12:53
DailyBulkApiBatches,15000,7557,2021-07-23 16:14:14
DailyBulkApiBatches,15000,7139,2021-07-23 17:13:45
DailyBulkApiBatches,15000,7102,2021-07-23 18:13:26
DailyBulkApiBatches,15000,7065,2021-07-23 19:13:32
DailyBulkApiBatches,15000,6634,2021-07-23 20:14:08
DailyBulkApiBatches,15000,6619,2021-07-23 21:13:06
DailyBulkApiBatches,15000,6568,2021-07-23 22:13:26
DailyBulkApiBatches,15000,6537,2021-07-23 23:13:06
DailyBulkApiBatches,15000,6103,2021-07-24 00:15:20
DailyBulkApiBatches,15000,5690,2021-07-24 01:13:37
DailyBulkApiBatches,15000,5273,2021-07-24 02:13:12
DailyBulkApiBatches,15000,6054,2021-07-24 03:14:34
DailyBulkApiBatches,15000,6436,2021-07-24 04:14:13
DailyBulkApiBatches,15000,6397,2021-07-24 05:14:11
DailyBulkApiBatches,15000,6372,2021-07-24 06:13:23
DailyBulkApiBatches,15000,6713,2021-07-24 07:13:51
DailyBulkApiBatches,15000,7521,2021-07-24 08:13:26
DailyBulkApiBatches,15000,8022,2021-07-24 09:13:23
DailyBulkApiBatches,15000,7591,2021-07-24 10:13:18
DailyBulkApiBatches,15000,8367,2021-07-24 11:13:46
DailyBulkApiBatches,15000,9230,2021-07-24 12:14:07
DailyBulkApiBatches,15000,12346,2021-07-24 13:12:00
DailyBulkApiBatches,15000,12332,2021-07-24 14:12:54
DailyBulkApiBatches,15000,11872,2021-07-24 15:13:00
DailyBulkApiBatches,15000,11412,2021-07-24 16:13:19
DailyBulkApiBatches,15000,10960,2021-07-24 17:13:06
DailyBulkApiBatches,15000,10937,2021-07-24 18:12:08
DailyBulkApiBatches,15000,10472,2021-07-24 19:13:11
DailyBulkApiBatches,15000,10429,2021-07-24 20:13:25
DailyBulkApiBatches,15000,9978,2021-07-24 21:13:26
DailyBulkApiBatches,15000,9529,2021-07-24 22:12:44
DailyBulkApiBatches,15000,9063,2021-07-24 23:13:56
DailyBulkApiBatches,15000,8596,2021-07-25 00:14:56
DailyBulkApiBatches,15000,8591,2021-07-25 01:13:09
DailyBulkApiBatches,15000,8137,2021-07-25 02:13:23
DailyBulkApiBatches,15000,7678,2021-07-25 03:13:35
DailyBulkApiBatches,15000,7237,2021-07-25 04:12:11
DailyBulkApiBatches,15000,7245,2021-07-25 05:12:06
DailyBulkApiBatches,15000,6781,2021-07-25 06:11:54
DailyBulkApiBatches,15000,6314,2021-07-25 07:12:55
DailyBulkApiBatches,15000,5859,2021-07-25 08:12:47
DailyBulkApiBatches,15000,5798,2021-07-25 09:11:38
DailyBulkApiBatches,15000,5319,2021-07-25 10:13:13
DailyBulkApiBatches,15000,4864,2021-07-25 11:13:18
DailyBulkApiBatches,15000,4397,2021-07-25 12:14:05
DailyBulkApiBatches,15000,4384,2021-07-25 13:13:01
DailyBulkApiBatches,15000,4408,2021-07-25 14:12:48
DailyBulkApiBatches,15000,4389,2021-07-25 15:13:31
DailyApiRequests,135000,14760,2021-06-19 02:14:11
DailyApiRequests,135000,14666,2021-06-19 03:14:13
DailyApiRequests,135000,14942,2021-06-19 04:13:48
DailyApiRequests,135000,14953,2021-06-19 05:14:11
DailyApiRequests,135000,14984,2021-06-19 06:13:53
DailyApiRequests,135000,15020,2021-06-19 07:13:40
DailyApiRequests,135000,15051,2021-06-19 08:14:29
DailyApiRequests,135000,14990,2021-06-19 09:14:03
DailyApiRequests,135000,14937,2021-06-19 10:11:49
DailyApiRequests,135000,14769,2021-06-19 11:13:15
DailyApiRequests,135000,14739,2021-06-19 12:14:11
DailyApiRequests,135000,14465,2021-06-19 13:13:34
DailyApiRequests,135000,14337,2021-06-19 14:13:27
DailyApiRequests,135000,15488,2021-06-19 15:13:52
DailyApiRequests,135000,16228,2021-06-19 16:13:45
DailyApiRequests,135000,17589,2021-06-19 17:13:26
DailyApiRequests,135000,18977,2021-06-19 18:13:38
DailyApiRequests,135000,21872,2021-06-19 20:13:24
DailyApiRequests,135000,23530,2021-06-19 21:13:38
DailyApiRequests,135000,24669,2021-06-19 22:15:03
DailyApiRequests,135000,26121,2021-06-19 23:13:21
DailyApiRequests,135000,27082,2021-06-20 00:11:36
DailyApiRequests,135000,27191,2021-06-20 01:14:35
DailyApiRequests,135000,27604,2021-06-20 02:13:34
DailyApiRequests,135000,28078,2021-06-20 03:13:51
DailyApiRequests,135000,28451,2021-06-20 04:13:58
DailyApiRequests,135000,28767,2021-06-20 05:14:17
DailyApiRequests,135000,29105,2021-06-20 06:13:44
DailyApiRequests,135000,29600,2021-06-20 07:12:33
DailyApiRequests,135000,29883,2021-06-20 08:14:16
DailyApiRequests,135000,30311,2021-06-20 09:14:25
DailyApiRequests,135000,30717,2021-06-20 10:13:35
DailyApiRequests,135000,31145,2021-06-20 11:12:53
DailyApiRequests,135000,31971,2021-06-20 12:13:47
DailyApiRequests,135000,25887,2021-06-20 13:00:10
DailyApiRequests,135000,23732,2021-06-20 14:00:10
DailyApiRequests,135000,21746,2021-06-20 15:00:10
DailyApiRequests,135000,19583,2021-06-20 16:00:10
DailyApiRequests,135000,17662,2021-06-20 17:00:10
DailyApiRequests,135000,15487,2021-06-20 18:00:09
DailyApiRequests,135000,13743,2021-06-20 19:00:10
DailyApiRequests,135000,12666,2021-06-20 20:00:10
DailyApiRequests,135000,11562,2021-06-20 21:00:10
DailyApiRequests,135000,6141,2021-06-21 02:43:48
DailyApiRequests,135000,18914,2021-06-22 06:14:05
DailyApiRequests,135000,14559,2021-06-22 07:14:55
DailyApiRequests,135000,13771,2021-06-22 09:14:00
DailyApiRequests,135000,13616,2021-06-22 11:14:54
DailyApiRequests,135000,13570,2021-06-22 13:13:58
DailyApiRequests,135000,13579,2021-06-22 15:14:46
DailyApiRequests,135000,13593,2021-06-22 17:13:50
DailyApiRequests,135000,13105,2021-06-22 19:14:08
DailyApiRequests,135000,12925,2021-06-22 21:14:12
DailyApiRequests,135000,12747,2021-06-22 23:14:35
DailyApiRequests,135000,12884,2021-06-23 01:12:06
DailyApiRequests,135000,13180,2021-06-23 02:14:04
DailyApiRequests,135000,14130,2021-06-23 03:16:57
DailyApiRequests,135000,15086,2021-06-23 04:14:40
DailyApiRequests,135000,19509,2021-06-23 05:13:26
DailyApiRequests,135000,27465,2021-06-23 07:14:15
DailyApiRequests,135000,32092,2021-06-23 11:13:53
DailyApiRequests,135000,34230,2021-06-23 13:14:07
DailyApiRequests,135000,36527,2021-06-23 15:13:36
DailyApiRequests,135000,41495,2021-06-23 19:14:20
DailyApiRequests,135000,43796,2021-06-23 21:13:09
DailyApiRequests,135000,46095,2021-06-23 23:11:47
DailyApiRequests,135000,46936,2021-06-24 00:16:27
DailyApiRequests,135000,47645,2021-06-24 02:14:18
DailyApiRequests,135000,47667,2021-06-24 03:13:52
DailyApiRequests,135000,48121,2021-06-24 04:12:12
DailyApiRequests,135000,48056,2021-06-24 06:14:32
DailyApiRequests,135000,48063,2021-06-24 07:15:14
DailyApiRequests,135000,48094,2021-06-24 08:13:37
DailyApiRequests,135000,48116,2021-06-24 09:14:10
DailyApiRequests,135000,48118,2021-06-24 10:14:35
DailyApiRequests,135000,48398,2021-06-24 11:11:34
DailyApiRequests,135000,47403,2021-06-24 12:13:35
DailyApiRequests,135000,46248,2021-06-24 13:11:17
DailyApiRequests,135000,44499,2021-06-24 14:14:27
DailyApiRequests,135000,43256,2021-06-24 15:13:42
DailyApiRequests,135000,41763,2021-06-24 16:13:49
DailyApiRequests,135000,40537,2021-06-24 17:11:34
DailyApiRequests,135000,38956,2021-06-24 18:12:06
DailyApiRequests,135000,37416,2021-06-24 19:13:20
DailyApiRequests,135000,35990,2021-06-24 20:13:12
DailyApiRequests,135000,34498,2021-06-24 21:13:18
DailyApiRequests,135000,33107,2021-06-24 22:12:21
DailyApiRequests,135000,31457,2021-06-24 23:14:02
DailyApiRequests,135000,29920,2021-06-25 00:16:09
DailyApiRequests,135000,28553,2021-06-25 01:13:39
DailyApiRequests,135000,27112,2021-06-25 02:14:02
DailyApiRequests,135000,25349,2021-06-25 03:13:55
DailyApiRequests,135000,11362,2021-06-20 22:00:10
DailyApiRequests,135000,11162,2021-06-20 23:00:10
DailyApiRequests,135000,9162,2021-06-21 00:00:10
DailyApiRequests,135000,8562,2021-06-21 01:00:10
DailyApiRequests,135000,7966,2021-06-21 04:13:35
DailyApiRequests,135000,8050,2021-06-21 06:14:00
DailyApiRequests,135000,8204,2021-06-21 07:13:59
DailyApiRequests,135000,8211,2021-06-21 08:14:37
DailyApiRequests,135000,8312,2021-06-21 09:14:08
DailyApiRequests,135000,8350,2021-06-21 10:14:36
DailyApiRequests,135000,8860,2021-06-21 12:14:05
DailyApiRequests,135000,9970,2021-06-21 13:14:33
DailyApiRequests,135000,11887,2021-06-21 15:14:15
DailyApiRequests,135000,13740,2021-06-21 17:14:12
DailyApiRequests,135000,14715,2021-06-21 18:14:05
DailyApiRequests,135000,16863,2021-06-21 20:11:37
DailyApiRequests,135000,18639,2021-06-21 22:14:04
DailyApiRequests,135000,19744,2021-06-21 23:13:05
DailyApiRequests,135000,20597,2021-06-22 00:16:20
DailyApiRequests,135000,21741,2021-06-22 01:14:06
DailyApiRequests,135000,23198,2021-06-22 03:13:46
DailyApiRequests,135000,71401,2021-06-13 16:13:44
DailyApiRequests,135000,70696,2021-06-13 17:13:33
DailyApiRequests,135000,70135,2021-06-13 18:11:16
DailyApiRequests,135000,69368,2021-06-13 19:11:55
DailyApiRequests,135000,68518,2021-06-13 20:13:44
DailyApiRequests,135000,67297,2021-06-13 21:12:04
DailyApiRequests,135000,66309,2021-06-13 22:13:47
DailyApiRequests,135000,65566,2021-06-13 23:13:20
DailyApiRequests,135000,65015,2021-06-14 00:11:41
DailyApiRequests,135000,64086,2021-06-14 01:14:37
DailyApiRequests,135000,63256,2021-06-14 02:13:28
DailyApiRequests,135000,61356,2021-06-14 03:11:20
DailyApiRequests,135000,58830,2021-06-14 04:14:34
DailyApiRequests,135000,56579,2021-06-14 05:14:24
DailyApiRequests,135000,54316,2021-06-14 06:14:13
DailyApiRequests,135000,52077,2021-06-14 07:13:51
DailyApiRequests,135000,49817,2021-06-14 08:14:32
DailyApiRequests,135000,47590,2021-06-14 09:14:22
DailyApiRequests,135000,45380,2021-06-14 10:14:35
DailyApiRequests,135000,43159,2021-06-14 11:13:55
DailyApiRequests,135000,41424,2021-06-14 12:14:19
DailyApiRequests,135000,39647,2021-06-14 13:11:06
DailyApiRequests,135000,37437,2021-06-14 14:14:13
DailyApiRequests,135000,35362,2021-06-14 15:14:14
DailyApiRequests,135000,33935,2021-06-14 16:14:46
DailyApiRequests,135000,32035,2021-06-14 17:13:33
DailyApiRequests,135000,29985,2021-06-14 18:13:53
DailyApiRequests,135000,27883,2021-06-14 19:13:30
DailyApiRequests,135000,25948,2021-06-14 20:14:02
DailyApiRequests,135000,24458,2021-06-14 21:13:54
DailyApiRequests,135000,22973,2021-06-14 22:13:25
DailyApiRequests,135000,21674,2021-06-14 23:12:14
DailyApiRequests,135000,19924,2021-06-15 00:16:39
DailyApiRequests,135000,18744,2021-06-15 01:12:25
DailyApiRequests,135000,18556,2021-06-15 02:13:31
DailyApiRequests,135000,17993,2021-06-15 03:13:46
DailyApiRequests,135000,17273,2021-06-15 04:13:21
DailyApiRequests,135000,16646,2021-06-15 05:13:21
DailyApiRequests,135000,16244,2021-06-15 06:14:13
DailyApiRequests,135000,15917,2021-06-15 07:14:55
DailyApiRequests,135000,15586,2021-06-15 08:12:30
DailyApiRequests,135000,14350,2021-06-15 09:13:33
DailyApiRequests,135000,13098,2021-06-15 10:14:28
DailyApiRequests,135000,11978,2021-06-15 11:14:02
DailyApiRequests,135000,10488,2021-06-15 12:13:36
DailyApiRequests,135000,9055,2021-06-15 13:14:01
DailyApiRequests,135000,7801,2021-06-15 14:14:49
DailyApiRequests,135000,5820,2021-06-15 15:14:05
DailyApiRequests,135000,4502,2021-06-15 16:14:37
DailyApiRequests,135000,3355,2021-06-15 17:13:36
DailyApiRequests,135000,3161,2021-06-15 18:13:13
DailyApiRequests,135000,3567,2021-06-15 19:13:33
DailyApiRequests,135000,3558,2021-06-15 20:12:57
DailyApiRequests,135000,3447,2021-06-15 21:13:39
DailyApiRequests,135000,3367,2021-06-15 22:14:06
DailyApiRequests,135000,3339,2021-06-15 23:14:28
DailyApiRequests,135000,3273,2021-06-16 00:16:18
DailyApiRequests,135000,3016,2021-06-16 01:13:46
DailyApiRequests,135000,14363,2021-06-16 02:14:52
DailyApiRequests,135000,25424,2021-06-16 03:13:48
DailyApiRequests,135000,373,2021-06-16 05:13:46
DailyApiRequests,135000,79,2021-06-16 06:14:09
DailyApiRequests,135000,1654,2021-06-16 07:11:37
DailyApiRequests,135000,2408,2021-06-16 08:11:19
DailyApiRequests,135000,666,2021-06-16 09:14:25
DailyApiRequests,135000,43793,2021-06-16 10:14:37
DailyApiRequests,135000,11847,2021-06-16 11:13:16
DailyApiRequests,135000,1125,2021-06-16 12:13:39
DailyApiRequests,135000,1569,2021-06-16 13:13:00
DailyApiRequests,135000,1757,2021-06-16 16:13:50
DailyApiRequests,135000,311,2021-06-16 18:13:32
DailyApiRequests,135000,1323,2021-06-16 20:11:45
DailyApiRequests,135000,171,2021-06-16 21:14:19
DailyApiRequests,135000,125,2021-06-16 23:13:42
DailyApiRequests,135000,994,2021-06-17 00:11:49
DailyApiRequests,135000,14958,2021-06-17 02:14:02
DailyApiRequests,135000,13733,2021-06-17 03:13:28
DailyApiRequests,135000,8270,2021-06-17 04:12:10
DailyApiRequests,135000,6244,2021-06-17 05:13:29
DailyApiRequests,135000,4069,2021-06-17 07:11:47
DailyApiRequests,135000,4693,2021-06-17 09:11:25
DailyApiRequests,135000,41903,2021-06-17 10:13:13
DailyApiRequests,135000,75340,2021-06-17 11:13:02
DailyApiRequests,135000,74106,2021-06-17 12:13:04
DailyApiRequests,135000,66715,2021-06-17 13:13:26
DailyApiRequests,135000,59203,2021-06-17 14:13:30
DailyApiRequests,135000,51616,2021-06-17 15:14:04
DailyApiRequests,135000,50067,2021-06-17 16:13:49
DailyApiRequests,135000,42620,2021-06-17 17:13:04
DailyApiRequests,135000,39803,2021-06-17 18:14:14
DailyApiRequests,135000,32342,2021-06-17 19:13:28
DailyApiRequests,135000,24859,2021-06-17 20:13:04
DailyApiRequests,135000,17310,2021-06-17 21:13:22
DailyApiRequests,135000,9847,2021-06-17 22:13:09
DailyApiRequests,135000,7614,2021-06-17 23:12:45
DailyApiRequests,135000,394,2021-06-18 00:12:04
DailyApiRequests,135000,14027,2021-06-18 02:13:15
DailyApiRequests,135000,23552,2021-06-18 03:13:44
DailyApiRequests,135000,25538,2021-06-18 04:14:43
DailyApiRequests,135000,20328,2021-06-18 05:13:57
DailyApiRequests,135000,16092,2021-06-18 06:13:33
DailyApiRequests,135000,10867,2021-06-18 07:13:52
DailyApiRequests,135000,5650,2021-06-18 08:14:49
DailyApiRequests,135000,6650,2021-06-18 09:12:57
DailyApiRequests,135000,8772,2021-06-18 10:13:33
DailyApiRequests,135000,11334,2021-06-18 11:13:16
DailyApiRequests,135000,13586,2021-06-18 12:12:13
DailyApiRequests,135000,15721,2021-06-18 13:14:21
DailyApiRequests,135000,18075,2021-06-18 14:14:23
DailyApiRequests,135000,20568,2021-06-18 15:14:15
DailyApiRequests,135000,23435,2021-06-18 16:12:13
DailyApiRequests,135000,18011,2021-06-18 17:14:36
DailyApiRequests,135000,20513,2021-06-18 18:12:17
DailyApiRequests,135000,15187,2021-06-18 19:13:02
DailyApiRequests,135000,17339,2021-06-18 20:14:01
DailyApiRequests,135000,19657,2021-06-18 21:13:45
DailyApiRequests,135000,21944,2021-06-18 22:12:54
DailyApiRequests,135000,23996,2021-06-18 23:14:07
DailyApiRequests,135000,20891,2021-06-19 00:15:26
DailyApiRequests,135000,15805,2021-06-19 01:13:09
DailyApiRequests,135000,23131,2021-06-22 04:14:55
DailyApiRequests,135000,29927,2021-06-23 09:13:21
DailyApiRequests,135000,38794,2021-06-23 17:13:27
DailyApiRequests,135000,23656,2021-06-25 04:14:34
DailyApiRequests,135000,22172,2021-06-25 05:14:11
DailyApiRequests,135000,20728,2021-06-25 06:14:43
DailyApiRequests,135000,19296,2021-06-25 07:13:45
DailyApiRequests,135000,18002,2021-06-25 08:12:14
DailyApiRequests,135000,15344,2021-06-25 09:13:41
DailyApiRequests,135000,13811,2021-06-25 10:14:11
DailyApiRequests,135000,18021,2021-06-25 11:13:49
DailyApiRequests,135000,17899,2021-06-25 12:13:46
DailyApiRequests,135000,17834,2021-06-25 13:14:00
DailyApiRequests,135000,17936,2021-06-25 14:12:13
DailyApiRequests,135000,17740,2021-06-25 15:13:56
DailyApiRequests,135000,17795,2021-06-25 16:14:09
DailyApiRequests,135000,17889,2021-06-25 17:13:36
DailyApiRequests,135000,17901,2021-06-25 18:14:39
DailyApiRequests,135000,17963,2021-06-25 19:13:06
DailyApiRequests,135000,17958,2021-06-25 20:13:05
DailyApiRequests,135000,17939,2021-06-25 21:14:33
DailyApiRequests,135000,12765,2021-06-25 22:14:12
DailyApiRequests,135000,12873,2021-06-25 23:12:35
DailyApiRequests,135000,12590,2021-06-26 00:16:24
DailyApiRequests,135000,12894,2021-06-26 01:12:00
DailyApiRequests,135000,12642,2021-06-26 02:14:01
DailyApiRequests,135000,12786,2021-06-26 03:14:07
DailyApiRequests,135000,12884,2021-06-26 04:13:07
DailyApiRequests,135000,13081,2021-06-26 05:11:19
DailyApiRequests,135000,23067,2021-06-26 06:14:25
DailyApiRequests,135000,23066,2021-06-26 07:15:02
DailyApiRequests,135000,23675,2021-06-26 08:13:53
DailyApiRequests,135000,35664,2021-06-26 09:14:39
DailyApiRequests,135000,41325,2021-06-26 10:12:10
DailyApiRequests,135000,56831,2021-06-26 11:13:07
DailyApiRequests,135000,72459,2021-06-26 12:14:14
DailyApiRequests,135000,93352,2021-06-26 13:13:27
DailyApiRequests,135000,88127,2021-06-26 14:14:26
DailyApiRequests,135000,87943,2021-06-26 15:13:52
DailyApiRequests,135000,82617,2021-06-26 16:13:28
DailyApiRequests,135000,82659,2021-06-26 17:13:05
DailyApiRequests,135000,91297,2021-06-26 18:14:25
DailyApiRequests,135000,84822,2021-06-26 19:13:09
DailyApiRequests,135000,77889,2021-06-26 20:12:56
DailyApiRequests,135000,70941,2021-06-26 21:11:51
DailyApiRequests,135000,63745,2021-06-26 22:12:58
DailyApiRequests,135000,56826,2021-06-26 23:14:14
DailyApiRequests,135000,67181,2021-06-27 00:15:34
DailyApiRequests,135000,60594,2021-06-27 01:14:18
DailyApiRequests,135000,54016,2021-06-27 02:13:30
DailyApiRequests,135000,47261,2021-06-27 03:13:47
DailyApiRequests,135000,40736,2021-06-27 04:13:44
DailyApiRequests,135000,33960,2021-06-27 05:13:48
DailyApiRequests,135000,27011,2021-06-27 06:13:54
DailyApiRequests,135000,20631,2021-06-27 07:11:47
DailyApiRequests,135000,13590,2021-06-27 08:13:34
DailyApiRequests,135000,11076,2021-06-27 09:12:07
DailyApiRequests,135000,4154,2021-06-27 10:13:27
DailyApiRequests,135000,4298,2021-06-27 13:13:14
DailyApiRequests,135000,6349,2021-06-27 14:13:12
DailyApiRequests,135000,8793,2021-06-27 15:13:58
DailyApiRequests,135000,11382,2021-06-27 16:13:42
DailyApiRequests,135000,15391,2021-06-27 17:13:13
DailyApiRequests,135000,19478,2021-06-27 18:14:10
DailyApiRequests,135000,23833,2021-06-27 19:13:56
DailyApiRequests,135000,28195,2021-06-27 20:13:26
DailyApiRequests,135000,32536,2021-06-27 21:13:36
DailyApiRequests,135000,30045,2021-06-27 22:11:45
DailyApiRequests,135000,33829,2021-06-27 23:13:36
DailyApiRequests,135000,37481,2021-06-28 00:15:24
DailyApiRequests,135000,41176,2021-06-28 01:14:02
DailyApiRequests,135000,44860,2021-06-28 02:14:21
DailyApiRequests,135000,48513,2021-06-28 03:14:26
DailyApiRequests,135000,52179,2021-06-28 04:14:03
DailyApiRequests,135000,55941,2021-06-28 05:13:31
DailyApiRequests,135000,59532,2021-06-28 06:14:52
DailyApiRequests,135000,63239,2021-06-28 07:13:27
DailyApiRequests,135000,66910,2021-06-28 08:15:25
DailyApiRequests,135000,70668,2021-06-28 09:14:15
DailyApiRequests,135000,73635,2021-06-28 10:13:31
DailyApiRequests,135000,70788,2021-06-28 11:11:25
DailyApiRequests,135000,67609,2021-06-28 12:13:39
DailyApiRequests,135000,67706,2021-06-28 13:14:12
DailyApiRequests,135000,67828,2021-06-28 14:14:17
DailyApiRequests,135000,67501,2021-06-28 15:13:24
DailyApiRequests,135000,66964,2021-06-28 16:15:42
DailyApiRequests,135000,66359,2021-06-28 17:14:13
DailyApiRequests,135000,65905,2021-06-28 18:13:27
DailyApiRequests,135000,65400,2021-06-28 19:14:14
DailyApiRequests,135000,64862,2021-06-28 20:14:36
DailyApiRequests,135000,64402,2021-06-28 21:13:51
DailyApiRequests,135000,64010,2021-06-28 22:14:01
DailyApiRequests,135000,64105,2021-06-28 23:11:15
DailyApiRequests,135000,63610,2021-06-29 00:16:43
DailyApiRequests,135000,62625,2021-06-29 01:14:37
DailyApiRequests,135000,61524,2021-06-29 02:14:27
DailyApiRequests,135000,60302,2021-06-29 03:14:30
DailyApiRequests,135000,59444,2021-06-29 04:11:14
DailyApiRequests,135000,58035,2021-06-29 05:14:32
DailyApiRequests,135000,56862,2021-06-29 06:14:30
DailyApiRequests,135000,55630,2021-06-29 07:13:38
DailyApiRequests,135000,54388,2021-06-29 08:13:44
DailyApiRequests,135000,53297,2021-06-29 09:13:17
DailyApiRequests,135000,52083,2021-06-29 10:13:44
DailyApiRequests,135000,50957,2021-06-29 11:14:25
DailyApiRequests,135000,49774,2021-06-29 12:14:47
DailyApiRequests,135000,48765,2021-06-29 13:13:10
DailyApiRequests,135000,47595,2021-06-29 14:13:15
DailyApiRequests,135000,46270,2021-06-29 15:15:30
DailyApiRequests,135000,45327,2021-06-29 16:14:36
DailyApiRequests,135000,44236,2021-06-29 17:13:59
DailyApiRequests,135000,43140,2021-06-29 18:14:13
DailyApiRequests,135000,42160,2021-06-29 19:13:34
DailyApiRequests,135000,40998,2021-06-29 20:14:12
DailyApiRequests,135000,39932,2021-06-29 21:14:21
DailyApiRequests,135000,38855,2021-06-29 22:13:22
DailyApiRequests,135000,37647,2021-06-29 23:13:56
DailyApiRequests,135000,37393,2021-06-30 00:14:51
DailyApiRequests,135000,37346,2021-06-30 01:14:15
DailyApiRequests,135000,37442,2021-06-30 03:13:59
DailyApiRequests,135000,37544,2021-06-30 04:13:29
DailyApiRequests,135000,37556,2021-06-30 05:13:48
DailyApiRequests,135000,37659,2021-06-30 06:14:40
DailyApiRequests,135000,37759,2021-06-30 07:13:33
DailyApiRequests,135000,37813,2021-06-30 08:13:40
DailyApiRequests,135000,37824,2021-06-30 09:13:43
DailyApiRequests,135000,37633,2021-06-30 10:14:27
DailyApiRequests,135000,37661,2021-06-30 11:13:45
DailyApiRequests,135000,37617,2021-06-30 12:13:56
DailyApiRequests,135000,37721,2021-06-30 13:14:00
DailyApiRequests,135000,37853,2021-06-30 15:14:13
DailyApiRequests,135000,37878,2021-06-30 16:13:19
DailyApiRequests,135000,38023,2021-06-30 17:12:21
DailyApiRequests,135000,37925,2021-06-30 18:12:47
DailyApiRequests,135000,37745,2021-06-30 19:15:00
DailyApiRequests,135000,37700,2021-06-30 20:12:42
DailyApiRequests,135000,37545,2021-06-30 21:13:55
DailyApiRequests,135000,37609,2021-06-30 22:12:33
DailyApiRequests,135000,37559,2021-06-30 23:14:14
DailyApiRequests,135000,37582,2021-07-01 00:13:09
DailyApiRequests,135000,37039,2021-07-01 01:14:13
DailyApiRequests,135000,36316,2021-07-01 02:14:04
DailyApiRequests,135000,35677,2021-07-01 03:13:34
DailyApiRequests,135000,34857,2021-07-01 04:14:36
DailyApiRequests,135000,34231,2021-07-01 05:13:22
DailyApiRequests,135000,33503,2021-07-01 06:13:54
DailyApiRequests,135000,32842,2021-07-01 07:12:10
DailyApiRequests,135000,32046,2021-07-01 08:12:13
DailyApiRequests,135000,31092,2021-07-01 09:14:04
DailyApiRequests,135000,30382,2021-07-01 10:13:51
DailyApiRequests,135000,29609,2021-07-01 11:13:25
DailyApiRequests,135000,28868,2021-07-01 12:14:09
DailyApiRequests,135000,28236,2021-07-01 13:13:15
DailyApiRequests,135000,27725,2021-07-01 14:12:00
DailyApiRequests,135000,26877,2021-07-01 15:13:30
DailyApiRequests,135000,25947,2021-07-01 16:14:26
DailyApiRequests,135000,25290,2021-07-01 17:12:47
DailyApiRequests,135000,24554,2021-07-01 18:13:49
DailyApiRequests,135000,23989,2021-07-01 19:12:50
DailyApiRequests,135000,23186,2021-07-01 20:14:26
DailyApiRequests,135000,22589,2021-07-01 21:12:13
DailyApiRequests,135000,21725,2021-07-01 22:14:11
DailyApiRequests,135000,21154,2021-07-01 23:12:11
DailyApiRequests,135000,20511,2021-07-02 00:15:34
DailyApiRequests,135000,20657,2021-07-02 01:13:11
DailyApiRequests,135000,20652,2021-07-02 02:13:34
DailyApiRequests,135000,20683,2021-07-02 03:13:37
DailyApiRequests,135000,20680,2021-07-02 04:15:06
DailyApiRequests,135000,20796,2021-07-02 05:14:21
DailyApiRequests,135000,20800,2021-07-02 06:14:43
DailyApiRequests,135000,20866,2021-07-02 07:14:28
DailyApiRequests,135000,21014,2021-07-02 08:14:43
DailyApiRequests,135000,21143,2021-07-02 09:13:47
DailyApiRequests,135000,21051,2021-07-02 10:13:45
DailyApiRequests,135000,20940,2021-07-02 11:14:04
DailyApiRequests,135000,20940,2021-07-02 12:13:17
DailyApiRequests,135000,20941,2021-07-02 13:13:32
DailyApiRequests,135000,20946,2021-07-02 14:13:32
DailyApiRequests,135000,20885,2021-07-02 15:13:22
DailyApiRequests,135000,20925,2021-07-02 16:14:16
DailyApiRequests,135000,20863,2021-07-02 17:13:06
DailyApiRequests,135000,20997,2021-07-02 18:11:48
DailyApiRequests,135000,20981,2021-07-02 19:13:08
DailyApiRequests,135000,21046,2021-07-02 20:13:55
DailyApiRequests,135000,21178,2021-07-02 21:12:08
DailyApiRequests,135000,20907,2021-07-02 22:13:15
DailyApiRequests,135000,20084,2021-07-02 23:12:52
DailyApiRequests,135000,18942,2021-07-03 00:16:30
DailyApiRequests,135000,18390,2021-07-03 01:13:13
DailyApiRequests,135000,17555,2021-07-03 02:13:36
DailyApiRequests,135000,17001,2021-07-03 03:12:14
DailyApiRequests,135000,16140,2021-07-03 04:13:55
DailyApiRequests,135000,15344,2021-07-03 05:14:41
DailyApiRequests,135000,14730,2021-07-03 06:14:02
DailyApiRequests,135000,13822,2021-07-03 07:14:15
DailyApiRequests,135000,12680,2021-07-03 08:14:32
DailyApiRequests,135000,11846,2021-07-03 09:14:33
DailyApiRequests,135000,11280,2021-07-03 10:14:33
DailyApiRequests,135000,10575,2021-07-03 11:13:25
DailyApiRequests,135000,9739,2021-07-03 12:11:54
DailyApiRequests,135000,8747,2021-07-03 13:14:16
DailyApiRequests,135000,7707,2021-07-03 14:13:22
DailyApiRequests,135000,7136,2021-07-03 15:12:58
DailyApiRequests,135000,6477,2021-07-03 16:12:09
DailyApiRequests,135000,5706,2021-07-03 17:13:01
DailyApiRequests,135000,4951,2021-07-03 18:13:35
DailyApiRequests,135000,3850,2021-07-03 19:13:43
DailyApiRequests,135000,3588,2021-07-03 20:13:15
DailyApiRequests,135000,3436,2021-07-03 21:13:19
DailyApiRequests,135000,4342,2021-07-03 22:13:04
DailyApiRequests,135000,4444,2021-07-03 23:12:47
DailyApiRequests,135000,4318,2021-07-04 00:15:39
DailyApiRequests,135000,4538,2021-07-04 01:14:27
DailyApiRequests,135000,4515,2021-07-04 02:14:38
DailyApiRequests,135000,5257,2021-07-04 03:14:16
DailyApiRequests,135000,6044,2021-07-04 04:13:32
DailyApiRequests,135000,12756,2021-07-04 05:13:42
DailyApiRequests,135000,13051,2021-07-04 06:13:40
DailyApiRequests,135000,14293,2021-07-04 07:13:54
DailyApiRequests,135000,15080,2021-07-04 08:14:13
DailyApiRequests,135000,15967,2021-07-04 09:14:11
DailyApiRequests,135000,16681,2021-07-04 10:13:12
DailyApiRequests,135000,17787,2021-07-04 11:11:30
DailyApiRequests,135000,18849,2021-07-04 12:11:06
DailyApiRequests,135000,20072,2021-07-04 13:11:26
DailyApiRequests,135000,20748,2021-07-04 14:14:01
DailyApiRequests,135000,15918,2021-07-04 15:14:07
DailyApiRequests,135000,16745,2021-07-04 16:13:30
DailyApiRequests,135000,17563,2021-07-04 17:14:02
DailyApiRequests,135000,18734,2021-07-04 18:14:01
DailyApiRequests,135000,19167,2021-07-04 19:14:06
DailyApiRequests,135000,19425,2021-07-04 20:13:47
DailyApiRequests,135000,19502,2021-07-04 21:14:17
DailyApiRequests,135000,20281,2021-07-04 22:14:09
DailyApiRequests,135000,21205,2021-07-04 23:12:52
DailyApiRequests,135000,21829,2021-07-05 00:15:27
DailyApiRequests,135000,22799,2021-07-05 01:12:02
DailyApiRequests,135000,22831,2021-07-05 02:14:49
DailyApiRequests,135000,22858,2021-07-05 03:14:42
DailyApiRequests,135000,22915,2021-07-05 04:14:29
DailyApiRequests,135000,23268,2021-07-05 05:13:45
DailyApiRequests,135000,23333,2021-07-05 06:13:32
DailyApiRequests,135000,23240,2021-07-05 07:14:01
DailyApiRequests,135000,23252,2021-07-05 08:13:45
DailyApiRequests,135000,23301,2021-07-05 09:14:05
DailyApiRequests,135000,23243,2021-07-05 10:13:12
DailyApiRequests,135000,23430,2021-07-05 11:11:07
DailyApiRequests,135000,23216,2021-07-05 12:12:01
DailyApiRequests,135000,23372,2021-07-05 13:13:17
DailyApiRequests,135000,23742,2021-07-05 14:13:16
DailyApiRequests,135000,24055,2021-07-05 15:13:21
DailyApiRequests,135000,24280,2021-07-05 16:14:08
DailyApiRequests,135000,24675,2021-07-05 17:12:48
DailyApiRequests,135000,24920,2021-07-05 18:14:18
DailyApiRequests,135000,24038,2021-07-05 19:31:43
DailyApiRequests,135000,25736,2021-07-05 20:13:19
DailyApiRequests,135000,25986,2021-07-05 21:13:03
DailyApiRequests,135000,26480,2021-07-05 22:12:51
DailyApiRequests,135000,26748,2021-07-05 23:14:06
DailyApiRequests,135000,27210,2021-07-06 00:12:23
DailyApiRequests,135000,27367,2021-07-06 01:14:25
DailyApiRequests,135000,27999,2021-07-06 02:14:49
DailyApiRequests,135000,28465,2021-07-06 03:14:15
DailyApiRequests,135000,29203,2021-07-06 04:14:59
DailyApiRequests,135000,29981,2021-07-06 05:13:40
DailyApiRequests,135000,30194,2021-07-06 06:14:07
DailyApiRequests,135000,31029,2021-07-06 07:13:29
DailyApiRequests,135000,31707,2021-07-06 08:13:38
DailyApiRequests,135000,32493,2021-07-06 09:14:24
DailyApiRequests,135000,33087,2021-07-06 10:14:40
DailyApiRequests,135000,33880,2021-07-06 11:13:34
DailyApiRequests,135000,34524,2021-07-06 12:13:25
DailyApiRequests,135000,34877,2021-07-06 13:13:28
DailyApiRequests,135000,35160,2021-07-06 14:14:32
DailyApiRequests,135000,35491,2021-07-06 15:14:19
DailyApiRequests,135000,35788,2021-07-06 16:13:35
DailyApiRequests,135000,36065,2021-07-06 17:12:14
DailyApiRequests,135000,36192,2021-07-06 18:14:29
DailyApiRequests,135000,36485,2021-07-06 19:14:28
DailyApiRequests,135000,36676,2021-07-06 20:14:01
DailyApiRequests,135000,36796,2021-07-06 21:12:50
DailyApiRequests,135000,36972,2021-07-06 22:14:41
DailyApiRequests,135000,37331,2021-07-06 23:13:41
DailyApiRequests,135000,37569,2021-07-07 00:16:06
DailyApiRequests,135000,38368,2021-07-07 01:13:39
DailyApiRequests,135000,39155,2021-07-07 02:13:50
DailyApiRequests,135000,39736,2021-07-07 03:13:45
DailyApiRequests,135000,40274,2021-07-07 04:14:34
DailyApiRequests,135000,41465,2021-07-07 05:14:28
DailyApiRequests,135000,42103,2021-07-07 06:13:59
DailyApiRequests,135000,42762,2021-07-07 07:14:36
DailyApiRequests,135000,43292,2021-07-07 08:14:26
DailyApiRequests,135000,43981,2021-07-07 09:14:29
DailyApiRequests,135000,44506,2021-07-07 10:13:54
DailyApiRequests,135000,45082,2021-07-07 11:14:33
DailyApiRequests,135000,45673,2021-07-07 12:14:53
DailyApiRequests,135000,46495,2021-07-07 13:14:11
DailyApiRequests,135000,47157,2021-07-07 14:14:00
DailyApiRequests,135000,47809,2021-07-07 15:12:51
DailyApiRequests,135000,48345,2021-07-07 16:13:28
DailyApiRequests,135000,48957,2021-07-07 17:14:10
DailyApiRequests,135000,49607,2021-07-07 18:12:48
DailyApiRequests,135000,50324,2021-07-07 19:13:00
DailyApiRequests,135000,50760,2021-07-07 20:14:00
DailyApiRequests,135000,51309,2021-07-07 21:13:48
DailyApiRequests,135000,51840,2021-07-07 22:13:36
DailyApiRequests,135000,52362,2021-07-07 23:14:38
DailyApiRequests,135000,52383,2021-07-08 00:16:19
DailyApiRequests,135000,52475,2021-07-08 01:13:52
DailyApiRequests,135000,52402,2021-07-08 02:14:32
DailyApiRequests,135000,52756,2021-07-08 03:14:45
DailyApiRequests,135000,53290,2021-07-08 04:11:49
DailyApiRequests,135000,53487,2021-07-08 05:14:20
DailyApiRequests,135000,53781,2021-07-08 06:14:22
DailyApiRequests,135000,54083,2021-07-08 07:12:54
DailyApiRequests,135000,54375,2021-07-08 08:14:59
DailyApiRequests,135000,54824,2021-07-08 09:14:21
DailyApiRequests,135000,55097,2021-07-08 10:12:51
DailyApiRequests,135000,55531,2021-07-08 11:12:11
DailyApiRequests,135000,55920,2021-07-08 12:12:22
DailyApiRequests,135000,55955,2021-07-08 13:14:16
DailyApiRequests,135000,56350,2021-07-08 14:13:10
DailyApiRequests,135000,56833,2021-07-08 15:14:33
DailyApiRequests,135000,57303,2021-07-08 16:12:02
DailyApiRequests,135000,57553,2021-07-08 17:13:32
DailyApiRequests,135000,57849,2021-07-08 18:15:05
DailyApiRequests,135000,58390,2021-07-08 19:14:23
DailyApiRequests,135000,58822,2021-07-08 20:14:22
DailyApiRequests,135000,59240,2021-07-08 21:12:29
DailyApiRequests,135000,59443,2021-07-08 22:14:34
DailyApiRequests,135000,59842,2021-07-08 23:13:26
DailyApiRequests,135000,60129,2021-07-09 00:16:40
DailyApiRequests,135000,60888,2021-07-09 01:13:13
DailyApiRequests,135000,60815,2021-07-09 02:14:13
DailyApiRequests,135000,60711,2021-07-09 03:11:57
DailyApiRequests,135000,60391,2021-07-09 04:14:33
DailyApiRequests,135000,60227,2021-07-09 05:14:40
DailyApiRequests,135000,60024,2021-07-09 06:14:34
DailyApiRequests,135000,59861,2021-07-09 07:13:58
DailyApiRequests,135000,59600,2021-07-09 08:14:14
DailyApiRequests,135000,59395,2021-07-09 09:14:12
DailyApiRequests,135000,59125,2021-07-09 10:15:12
DailyApiRequests,135000,58917,2021-07-09 11:14:31
DailyApiRequests,135000,58730,2021-07-09 12:14:23
DailyApiRequests,135000,58547,2021-07-09 13:14:18
DailyApiRequests,135000,58591,2021-07-09 14:11:36
DailyApiRequests,135000,58202,2021-07-09 15:14:05
DailyApiRequests,135000,58160,2021-07-09 16:12:38
DailyApiRequests,135000,57835,2021-07-09 17:14:18
DailyApiRequests,135000,57622,2021-07-09 18:13:57
DailyApiRequests,135000,57438,2021-07-09 19:13:51
DailyApiRequests,135000,57136,2021-07-09 20:14:28
DailyApiRequests,135000,56991,2021-07-09 21:13:24
DailyApiRequests,135000,56771,2021-07-09 22:11:54
DailyApiRequests,135000,54820,2021-07-09 23:12:58
DailyApiRequests,135000,53302,2021-07-10 00:16:40
DailyApiRequests,135000,52906,2021-07-10 01:12:33
DailyApiRequests,135000,52821,2021-07-10 02:13:34
DailyApiRequests,135000,50207,2021-07-10 14:13:44
DailyApiRequests,135000,49737,2021-07-10 15:14:09
DailyApiRequests,135000,49427,2021-07-10 16:13:44
DailyApiRequests,135000,49206,2021-07-10 17:12:15
DailyApiRequests,135000,49027,2021-07-10 18:13:13
DailyApiRequests,135000,48778,2021-07-10 19:12:53
DailyApiRequests,135000,48347,2021-07-10 20:14:16
DailyApiRequests,135000,48367,2021-07-10 21:11:21
DailyApiRequests,135000,48523,2021-07-10 22:13:02
DailyApiRequests,135000,49643,2021-07-11 00:15:58
DailyApiRequests,135000,49661,2021-07-11 01:14:14
DailyApiRequests,135000,49359,2021-07-11 02:14:46
DailyApiRequests,135000,47841,2021-07-11 03:14:30
DailyApiRequests,135000,46863,2021-07-11 04:14:05
DailyApiRequests,135000,45809,2021-07-11 05:14:31
DailyApiRequests,135000,44261,2021-07-11 06:14:45
DailyApiRequests,135000,43070,2021-07-11 07:14:18
DailyApiRequests,135000,42211,2021-07-11 08:13:29
DailyApiRequests,135000,41219,2021-07-11 09:14:07
DailyApiRequests,135000,40609,2021-07-11 10:13:36
DailyApiRequests,135000,40389,2021-07-11 11:13:02
DailyApiRequests,135000,39703,2021-07-11 12:13:24
DailyApiRequests,135000,39568,2021-07-11 13:12:11
DailyApiRequests,135000,38636,2021-07-11 14:14:23
DailyApiRequests,135000,38199,2021-07-11 15:13:20
DailyApiRequests,135000,37276,2021-07-11 16:13:37
DailyApiRequests,135000,36670,2021-07-11 17:13:49
DailyApiRequests,135000,36073,2021-07-11 18:13:25
DailyApiRequests,135000,35523,2021-07-11 19:12:12
DailyApiRequests,135000,34278,2021-07-11 21:13:01
DailyApiRequests,135000,33471,2021-07-11 22:13:47
DailyApiRequests,135000,32850,2021-07-11 23:13:31
DailyApiRequests,135000,31791,2021-07-12 00:12:28
DailyApiRequests,135000,30697,2021-07-12 01:13:39
DailyApiRequests,135000,31440,2021-07-12 02:14:56
DailyApiRequests,135000,31960,2021-07-12 03:13:49
DailyApiRequests,135000,32900,2021-07-12 04:11:47
DailyApiRequests,135000,33869,2021-07-12 05:12:03
DailyApiRequests,135000,34521,2021-07-12 06:14:15
DailyApiRequests,135000,35194,2021-07-12 07:14:05
DailyApiRequests,135000,36187,2021-07-12 08:14:15
DailyApiRequests,135000,36987,2021-07-12 09:13:28
DailyApiRequests,135000,37618,2021-07-12 10:13:13
DailyApiRequests,135000,38451,2021-07-12 11:11:52
DailyApiRequests,135000,39040,2021-07-12 12:14:29
DailyApiRequests,135000,39840,2021-07-12 13:14:16
DailyApiRequests,135000,40556,2021-07-12 14:13:00
DailyApiRequests,135000,41431,2021-07-12 15:12:58
DailyApiRequests,135000,42024,2021-07-12 16:14:09
DailyApiRequests,135000,42676,2021-07-12 17:13:48
DailyApiRequests,135000,43271,2021-07-12 18:13:51
DailyApiRequests,135000,43799,2021-07-12 19:14:16
DailyApiRequests,135000,44497,2021-07-12 20:12:33
DailyApiRequests,135000,45045,2021-07-12 21:13:20
DailyApiRequests,135000,45851,2021-07-12 22:11:48
DailyApiRequests,135000,46575,2021-07-12 23:13:06
DailyApiRequests,135000,47123,2021-07-13 00:16:28
DailyApiRequests,135000,47807,2021-07-13 01:13:50
DailyApiRequests,135000,47968,2021-07-13 02:14:20
DailyApiRequests,135000,47905,2021-07-13 03:14:25
DailyApiRequests,135000,47900,2021-07-13 04:14:53
DailyApiRequests,135000,47934,2021-07-13 05:13:49
DailyApiRequests,135000,48006,2021-07-13 06:13:25
DailyApiRequests,135000,47746,2021-07-13 07:14:03
DailyApiRequests,135000,47868,2021-07-13 08:12:39
DailyApiRequests,135000,47780,2021-07-13 09:14:57
DailyApiRequests,135000,47760,2021-07-13 10:13:39
DailyApiRequests,135000,47754,2021-07-13 11:14:12
DailyApiRequests,135000,47810,2021-07-13 12:13:47
DailyApiRequests,135000,47793,2021-07-13 13:14:09
DailyApiRequests,135000,47668,2021-07-13 14:12:50
DailyApiRequests,135000,47491,2021-07-13 15:13:11
DailyApiRequests,135000,47355,2021-07-13 16:13:47
DailyApiRequests,135000,47348,2021-07-13 17:13:23
DailyApiRequests,135000,47455,2021-07-13 18:12:04
DailyApiRequests,135000,47464,2021-07-13 19:12:29
DailyApiRequests,135000,47421,2021-07-13 20:14:06
DailyApiRequests,135000,47318,2021-07-13 21:14:04
DailyApiRequests,135000,47283,2021-07-13 22:13:35
DailyApiRequests,135000,47208,2021-07-13 23:13:57
DailyApiRequests,135000,47115,2021-07-14 00:16:04
DailyApiRequests,135000,47296,2021-07-14 01:12:17
DailyApiRequests,135000,47256,2021-07-14 02:12:14
DailyApiRequests,135000,46166,2021-07-14 03:13:32
DailyApiRequests,135000,45682,2021-07-14 04:14:14
DailyApiRequests,135000,45256,2021-07-14 05:13:15
DailyApiRequests,135000,44733,2021-07-14 06:14:02
DailyApiRequests,135000,44152,2021-07-14 07:13:42
DailyApiRequests,135000,43637,2021-07-14 08:14:43
DailyApiRequests,135000,43259,2021-07-14 09:14:07
DailyApiRequests,135000,42827,2021-07-14 10:13:58
DailyApiRequests,135000,42444,2021-07-14 11:14:38
DailyApiRequests,135000,42102,2021-07-14 12:15:23
DailyApiRequests,135000,41889,2021-07-14 13:13:00
DailyApiRequests,135000,41594,2021-07-14 14:13:31
DailyApiRequests,135000,41638,2021-07-14 15:13:42
DailyApiRequests,135000,41287,2021-07-14 16:14:22
DailyApiRequests,135000,41037,2021-07-14 17:13:41
DailyApiRequests,135000,40663,2021-07-14 18:14:51
DailyApiRequests,135000,40349,2021-07-14 19:13:27
DailyApiRequests,135000,40326,2021-07-14 20:11:49
DailyApiRequests,135000,39808,2021-07-14 21:13:20
DailyApiRequests,135000,39462,2021-07-14 22:14:15
DailyApiRequests,135000,39127,2021-07-14 23:14:24
DailyApiRequests,135000,38718,2021-07-15 00:15:47
DailyApiRequests,135000,37515,2021-07-15 01:13:23
DailyApiRequests,135000,35711,2021-07-15 02:14:12
DailyApiRequests,135000,33592,2021-07-15 03:15:02
DailyApiRequests,135000,31553,2021-07-15 04:14:03
DailyApiRequests,135000,29458,2021-07-15 05:13:48
DailyApiRequests,135000,27716,2021-07-15 06:12:26
DailyApiRequests,135000,25423,2021-07-15 07:13:44
DailyApiRequests,135000,23421,2021-07-15 08:12:21
DailyApiRequests,135000,21259,2021-07-15 09:12:24
DailyApiRequests,135000,18937,2021-07-15 10:13:26
DailyApiRequests,135000,16746,2021-07-15 11:13:12
DailyApiRequests,135000,14385,2021-07-15 12:15:20
DailyApiRequests,135000,12400,2021-07-15 13:13:14
DailyApiRequests,135000,11852,2021-07-15 14:14:19
DailyApiRequests,135000,11749,2021-07-15 15:13:25
DailyApiRequests,135000,11704,2021-07-15 16:14:29
DailyApiRequests,135000,11695,2021-07-15 17:14:45
DailyApiRequests,135000,11730,2021-07-15 18:15:02
DailyApiRequests,135000,11781,2021-07-15 19:13:39
DailyApiRequests,135000,11716,2021-07-15 20:14:28
DailyApiRequests,135000,11605,2021-07-15 21:14:28
DailyApiRequests,135000,11608,2021-07-15 22:12:59
DailyApiRequests,135000,11563,2021-07-15 23:14:26
DailyApiRequests,135000,12201,2021-07-16 00:16:02
DailyApiRequests,135000,14306,2021-07-16 01:13:22
DailyApiRequests,135000,16486,2021-07-16 02:12:43
DailyApiRequests,135000,18501,2021-07-16 03:13:41
DailyApiRequests,135000,20544,2021-07-16 04:14:23
DailyApiRequests,135000,22836,2021-07-16 05:13:27
DailyApiRequests,135000,24920,2021-07-16 06:13:58
DailyApiRequests,135000,26956,2021-07-16 07:13:50
DailyApiRequests,135000,29055,2021-07-16 08:14:34
DailyApiRequests,135000,31005,2021-07-16 09:13:26
DailyApiRequests,135000,33041,2021-07-16 10:13:30
DailyApiRequests,135000,35063,2021-07-16 11:13:58
DailyApiRequests,135000,37222,2021-07-16 12:11:51
DailyApiRequests,135000,37573,2021-07-16 13:13:42
DailyApiRequests,135000,37253,2021-07-16 14:13:56
DailyApiRequests,135000,36960,2021-07-16 15:13:37
DailyApiRequests,135000,36796,2021-07-16 16:11:48
DailyApiRequests,135000,36168,2021-07-16 17:14:17
DailyApiRequests,135000,35824,2021-07-16 18:13:44
DailyApiRequests,135000,35461,2021-07-16 19:14:36
DailyApiRequests,135000,35031,2021-07-16 20:14:12
DailyApiRequests,135000,34371,2021-07-16 21:13:57
DailyApiRequests,135000,33739,2021-07-16 22:13:38
DailyApiRequests,135000,33071,2021-07-16 23:13:31
DailyApiRequests,135000,32295,2021-07-17 00:16:00
DailyApiRequests,135000,31782,2021-07-17 01:13:33
DailyApiRequests,135000,31312,2021-07-17 02:13:41
DailyApiRequests,135000,30877,2021-07-17 03:11:31
DailyApiRequests,135000,29891,2021-07-17 04:12:36
DailyApiRequests,135000,29146,2021-07-17 05:13:44
DailyApiRequests,135000,28624,2021-07-17 06:12:21
DailyApiRequests,135000,27874,2021-07-17 07:13:08
DailyApiRequests,135000,27067,2021-07-17 08:14:52
DailyApiRequests,135000,26346,2021-07-17 09:14:06
DailyApiRequests,135000,25592,2021-07-17 10:13:56
DailyApiRequests,135000,24644,2021-07-17 11:13:30
DailyApiRequests,135000,24123,2021-07-17 12:13:12
DailyApiRequests,135000,23860,2021-07-17 13:11:24
DailyApiRequests,135000,22954,2021-07-17 14:14:50
DailyApiRequests,135000,22383,2021-07-17 15:13:48
DailyApiRequests,135000,21635,2021-07-17 16:14:12
DailyApiRequests,135000,21280,2021-07-17 17:13:50
DailyApiRequests,135000,20705,2021-07-17 18:12:57
DailyApiRequests,135000,20220,2021-07-17 19:13:33
DailyApiRequests,135000,19744,2021-07-17 20:13:14
DailyApiRequests,135000,19432,2021-07-17 21:13:02
DailyApiRequests,135000,19412,2021-07-17 22:12:49
DailyApiRequests,135000,18930,2021-07-17 23:13:56
DailyApiRequests,135000,18592,2021-07-18 00:16:17
DailyApiRequests,135000,18484,2021-07-18 01:13:46
DailyApiRequests,135000,18428,2021-07-18 02:14:19
DailyApiRequests,135000,18409,2021-07-18 03:14:22
DailyApiRequests,135000,18664,2021-07-18 04:11:56
DailyApiRequests,135000,18465,2021-07-18 05:13:18
DailyApiRequests,135000,18329,2021-07-18 06:13:38
DailyApiRequests,135000,18315,2021-07-18 07:13:26
DailyApiRequests,135000,18606,2021-07-18 08:14:07
DailyApiRequests,135000,19001,2021-07-18 09:13:51
DailyApiRequests,135000,19345,2021-07-18 10:13:37
DailyApiRequests,135000,19542,2021-07-18 11:13:18
DailyApiRequests,135000,19641,2021-07-18 12:13:04
DailyApiRequests,135000,19937,2021-07-18 13:11:45
DailyApiRequests,135000,19855,2021-07-18 14:13:40
DailyApiRequests,135000,20110,2021-07-18 15:12:56
DailyApiRequests,135000,20074,2021-07-18 16:14:15
DailyApiRequests,135000,20360,2021-07-18 17:11:43
DailyApiRequests,135000,20120,2021-07-18 18:13:08
DailyApiRequests,135000,20310,2021-07-18 19:13:44
DailyApiRequests,135000,20106,2021-07-18 20:13:49
DailyApiRequests,135000,20541,2021-07-18 21:12:19
DailyApiRequests,135000,20543,2021-07-18 22:12:51
DailyApiRequests,135000,20452,2021-07-18 23:13:21
DailyApiRequests,135000,20247,2021-07-19 00:16:00
DailyApiRequests,135000,20190,2021-07-19 01:13:57
DailyApiRequests,135000,20076,2021-07-19 02:14:53
DailyApiRequests,135000,19857,2021-07-19 03:14:00
DailyApiRequests,135000,19742,2021-07-19 04:14:04
DailyApiRequests,135000,19729,2021-07-19 05:13:24
DailyApiRequests,135000,19588,2021-07-19 06:13:49
DailyApiRequests,135000,19445,2021-07-19 07:13:34
DailyApiRequests,135000,19080,2021-07-19 08:14:48
DailyApiRequests,135000,19005,2021-07-19 09:14:07
DailyApiRequests,135000,18789,2021-07-19 10:14:14
DailyApiRequests,135000,18624,2021-07-19 11:13:16
DailyApiRequests,135000,18474,2021-07-19 12:13:58
DailyApiRequests,135000,18408,2021-07-19 13:13:57
DailyApiRequests,135000,18338,2021-07-19 14:13:32
DailyApiRequests,135000,18182,2021-07-19 15:13:59
DailyApiRequests,135000,17979,2021-07-19 16:13:37
DailyApiRequests,135000,17855,2021-07-19 17:13:14
DailyApiRequests,135000,17919,2021-07-19 18:12:10
DailyApiRequests,135000,17432,2021-07-19 19:14:00
DailyApiRequests,135000,17160,2021-07-19 20:14:09
DailyApiRequests,135000,17116,2021-07-19 21:14:07
DailyApiRequests,135000,16827,2021-07-19 23:14:19
DailyApiRequests,135000,16565,2021-07-20 00:16:32
DailyApiRequests,135000,16628,2021-07-20 01:14:20
DailyApiRequests,135000,17172,2021-07-20 02:13:46
DailyApiRequests,135000,17748,2021-07-20 03:13:14
DailyApiRequests,135000,18389,2021-07-20 04:13:27
DailyApiRequests,135000,18915,2021-07-20 05:13:36
DailyApiRequests,135000,19482,2021-07-20 06:14:28
DailyApiRequests,135000,20070,2021-07-20 07:13:56
DailyApiRequests,135000,20574,2021-07-20 08:14:32
DailyApiRequests,135000,21255,2021-07-20 09:12:56
DailyApiRequests,135000,21795,2021-07-20 10:12:50
DailyApiRequests,135000,22630,2021-07-20 11:11:02
DailyApiRequests,135000,22852,2021-07-20 12:14:15
DailyApiRequests,135000,23754,2021-07-20 13:10:49
DailyApiRequests,135000,24084,2021-07-20 14:12:32
DailyApiRequests,135000,24704,2021-07-20 15:12:58
DailyApiRequests,135000,25227,2021-07-20 16:14:01
DailyApiRequests,135000,26027,2021-07-20 17:12:20
DailyApiRequests,135000,26557,2021-07-20 18:13:17
DailyApiRequests,135000,27345,2021-07-20 19:14:15
DailyApiRequests,135000,27995,2021-07-20 20:13:19
DailyApiRequests,135000,28515,2021-07-20 21:13:08
DailyApiRequests,135000,29376,2021-07-20 22:11:32
DailyApiRequests,135000,29752,2021-07-20 23:13:57
DailyApiRequests,135000,30369,2021-07-21 00:15:05
DailyApiRequests,135000,30638,2021-07-21 01:12:52
DailyApiRequests,135000,30546,2021-07-21 02:14:04
DailyApiRequests,135000,30437,2021-07-21 03:13:45
DailyApiRequests,135000,30399,2021-07-21 04:13:21
DailyApiRequests,135000,30285,2021-07-21 05:13:37
DailyApiRequests,135000,30654,2021-07-21 06:11:03
DailyApiRequests,135000,30231,2021-07-21 07:13:39
DailyApiRequests,135000,30124,2021-07-21 08:13:35
DailyApiRequests,135000,30052,2021-07-21 09:14:01
DailyApiRequests,135000,29883,2021-07-21 10:14:20
DailyApiRequests,135000,29841,2021-07-21 11:13:27
DailyApiRequests,135000,30074,2021-07-21 12:12:55
DailyApiRequests,135000,29969,2021-07-21 13:14:50
DailyApiRequests,135000,30103,2021-07-21 14:13:25
DailyApiRequests,135000,29790,2021-07-21 15:13:45
DailyApiRequests,135000,29232,2021-07-21 16:13:48
DailyApiRequests,135000,29054,2021-07-21 17:12:44
DailyApiRequests,135000,28756,2021-07-21 18:13:31
DailyApiRequests,135000,28539,2021-07-21 19:13:17
DailyApiRequests,135000,37689,2021-07-21 20:13:03
DailyApiRequests,135000,37517,2021-07-21 21:13:09
DailyApiRequests,135000,51511,2021-07-21 22:13:10
DailyApiRequests,135000,55783,2021-07-21 23:13:05
DailyApiRequests,135000,55643,2021-07-22 00:15:23
DailyApiRequests,135000,51245,2021-07-22 01:12:24
DailyApiRequests,135000,51068,2021-07-22 02:14:07
DailyApiRequests,135000,46553,2021-07-22 03:13:23
DailyApiRequests,135000,46558,2021-07-22 04:13:50
DailyApiRequests,135000,46429,2021-07-22 05:13:09
DailyApiRequests,135000,46539,2021-07-22 06:12:29
DailyApiRequests,135000,46713,2021-07-22 07:11:03
DailyApiRequests,135000,46389,2021-07-22 08:13:29
DailyApiRequests,135000,46344,2021-07-22 09:12:48
DailyApiRequests,135000,41823,2021-07-22 10:11:49
DailyApiRequests,135000,41718,2021-07-22 11:11:15
DailyApiRequests,135000,36862,2021-07-22 12:13:51
DailyApiRequests,135000,32576,2021-07-22 13:11:07
DailyApiRequests,135000,32383,2021-07-22 14:14:05
DailyApiRequests,135000,27818,2021-07-22 15:12:30
DailyApiRequests,135000,28035,2021-07-22 16:11:48
DailyApiRequests,135000,27967,2021-07-22 17:13:53
DailyApiRequests,135000,27622,2021-07-22 18:13:07
DailyApiRequests,135000,26962,2021-07-22 19:13:59
DailyApiRequests,135000,27166,2021-07-22 20:11:57
DailyApiRequests,135000,27092,2021-07-22 21:12:49
DailyApiRequests,135000,27343,2021-07-22 22:11:10
DailyApiRequests,135000,27049,2021-07-22 23:13:21
DailyApiRequests,135000,26982,2021-07-23 00:14:59
DailyApiRequests,135000,27057,2021-07-23 01:12:48
DailyApiRequests,135000,26971,2021-07-23 02:14:13
DailyApiRequests,135000,26929,2021-07-23 03:14:31
DailyApiRequests,135000,31199,2021-07-23 04:14:01
DailyApiRequests,135000,30686,2021-07-23 05:13:25
DailyApiRequests,135000,29958,2021-07-23 06:13:20
DailyApiRequests,135000,29272,2021-07-23 07:14:02
DailyApiRequests,135000,28482,2021-07-23 08:13:50
DailyApiRequests,135000,23219,2021-07-23 09:13:26
DailyApiRequests,135000,31195,2021-07-23 10:12:19
DailyApiRequests,135000,24526,2021-07-23 11:13:14
DailyApiRequests,135000,27749,2021-07-23 12:12:56
DailyApiRequests,135000,27106,2021-07-23 13:13:44
DailyApiRequests,135000,26556,2021-07-23 14:13:54
DailyApiRequests,135000,21461,2021-07-23 15:12:53
DailyApiRequests,135000,20738,2021-07-23 16:14:14
DailyApiRequests,135000,20592,2021-07-23 17:13:45
DailyApiRequests,135000,20723,2021-07-23 18:13:26
DailyApiRequests,135000,20212,2021-07-23 19:13:32
DailyApiRequests,135000,19625,2021-07-23 20:14:08
DailyApiRequests,135000,19145,2021-07-23 21:13:06
DailyApiRequests,135000,13761,2021-07-23 22:13:26
DailyApiRequests,135000,13222,2021-07-23 23:13:06
DailyApiRequests,135000,12525,2021-07-24 00:15:20
DailyApiRequests,135000,11957,2021-07-24 01:13:37
DailyApiRequests,135000,11172,2021-07-24 02:13:12
DailyApiRequests,135000,24842,2021-07-24 03:14:34
DailyApiRequests,135000,48478,2021-07-24 04:14:13
DailyApiRequests,135000,48182,2021-07-24 05:14:11
DailyApiRequests,135000,47918,2021-07-24 06:13:23
DailyApiRequests,135000,42276,2021-07-24 07:13:51
DailyApiRequests,135000,41548,2021-07-24 08:13:26
DailyApiRequests,135000,41688,2021-07-24 09:13:23
DailyApiRequests,135000,54478,2021-07-24 10:13:18
DailyApiRequests,135000,54042,2021-07-24 11:13:46
DailyApiRequests,135000,64163,2021-07-24 12:14:07
DailyApiRequests,135000,81345,2021-07-24 13:12:00
DailyApiRequests,135000,99605,2021-07-24 14:12:54
DailyApiRequests,135000,93897,2021-07-24 15:13:00
DailyApiRequests,135000,88162,2021-07-24 16:13:19
DailyApiRequests,135000,87775,2021-07-24 17:13:06
DailyApiRequests,135000,82246,2021-07-24 18:12:08
DailyApiRequests,135000,81669,2021-07-24 19:13:11
DailyApiRequests,135000,75966,2021-07-24 20:13:25
DailyApiRequests,135000,70346,2021-07-24 21:13:26
DailyApiRequests,135000,64769,2021-07-24 22:12:44
DailyApiRequests,135000,59031,2021-07-24 23:13:56
DailyApiRequests,135000,53321,2021-07-25 00:14:56
DailyApiRequests,135000,53216,2021-07-25 01:13:09
DailyApiRequests,135000,49012,2021-07-25 02:13:23
DailyApiRequests,135000,46399,2021-07-25 03:13:35
DailyApiRequests,135000,41111,2021-07-25 04:12:11
DailyApiRequests,135000,41087,2021-07-25 05:12:06
DailyApiRequests,135000,35429,2021-07-25 06:11:54
DailyApiRequests,135000,29619,2021-07-25 07:12:55
DailyApiRequests,135000,29718,2021-07-25 08:12:47
DailyApiRequests,135000,24335,2021-07-25 09:11:38
DailyApiRequests,135000,18452,2021-07-25 10:13:13
DailyApiRequests,135000,12891,2021-07-25 11:13:18
DailyApiRequests,135000,7250,2021-07-25 12:14:05
DailyApiRequests,135000,3990,2021-07-25 13:13:01
DailyApiRequests,135000,4324,2021-07-25 14:12:48
DailyApiRequests,135000,4144,2021-07-25 15:13:31
DataStorageMB,99999,19999,2021-06-19 21:13:18
DataStorageMB,99999,29999,2021-06-20 21:13:18
DataStorageMB,99999,39999,2021-06-21 21:13:18
DataStorageMB,99999,49999,2021-06-22 21:13:18
DataStorageMB,99999,59999,2021-06-23 21:13:18
DataStorageMB,99999,69999,2021-06-24 21:13:18
DataStorageMB,99999,19999,2021-06-25 21:13:18
DataStorageMB,99999,29999,2021-06-26 21:13:18
DataStorageMB,99999,39999,2021-06-27 21:13:18
DataStorageMB,99999,49999,2021-06-28 21:13:18
DataStorageMB,99999,59999,2021-06-29 21:13:18
DataStorageMB,99999,69999,2021-06-30 21:13:18
DataStorageMB,99999,19999,2021-07-01 21:13:18
DataStorageMB,99999,29999,2021-07-02 21:13:18
DataStorageMB,99999,39999,2021-07-03 21:13:18
DataStorageMB,99999,49999,2021-07-04 21:13:18
DataStorageMB,99999,59999,2021-07-05 21:13:18
DataStorageMB,99999,69999,2021-07-06 21:13:18
DataStorageMB,99999,19999,2021-07-07 21:13:18
DataStorageMB,99999,29999,2021-07-08 21:13:18
DataStorageMB,99999,39999,2021-07-09 21:13:18
AsyncApexJob,99999,19999,2021-06-19 21:13:18
AsyncApexJob,99999,29999,2021-06-20 21:13:18
AsyncApexJob,99999,39999,2021-06-21 21:13:18
AsyncApexJob,99999,49999,2021-06-22 21:13:18
AsyncApexJob,99999,59999,2021-06-23 21:13:18
AsyncApexJob,99999,69999,2021-06-24 21:13:18
AsyncApexJob,99999,19999,2021-06-25 21:13:18
AsyncApexJob,99999,29999,2021-06-26 21:13:18
AsyncApexJob,99999,39999,2021-06-27 21:13:18
AsyncApexJob,99999,49999,2021-06-28 21:13:18
AsyncApexJob,99999,59999,2021-06-29 21:13:18
AsyncApexJob,99999,69999,2021-06-30 21:13:18
AsyncApexJob,99999,19999,2021-07-01 21:13:18
AsyncApexJob,99999,29999,2021-07-02 21:13:18
AsyncApexJob,99999,39999,2021-07-03 21:13:18
AsyncApexJob,99999,49999,2021-07-04 21:13:18
AsyncApexJob,99999,59999,2021-07-05 21:13:18
AsyncApexJob,99999,69999,2021-07-06 21:13:18
AsyncApexJob,99999,19999,2021-07-07 21:13:18
AsyncApexJob,99999,29999,2021-07-08 21:13:18
AsyncApexJob,99999,39999,2021-07-09 21:13:18
